requirement,methods,route,implementation_endpoint,implementation_services,executed_service_tests,observed_http_tests_and_status,evidence,limit
UI-01 Navegacao operacional,GET,/,main.index,template/decorator/helper/consulta direta,,,regression/junit.xml|retest/junit.xml|regression/http-route-coverage.json|auditoria-modulos.md|auditoria-ui.md,Static service linkage is not route-level HTTP coverage; see audit and browser evidence. Vinculo estatico de servico; nao comprova cobertura HTTP desta rota
FIN-01 Adiantamentos,POST,/api/adiantamentos/,adiantamento.criar,AcessoEmpresaService.obter_escopo|AdiantamentoService.criar|AdiantamentoService.serializar,tests.test_sprint02_security::test_cross_tenant_foreign_keys_and_company_admin_scope|tests.test_sprint02_security::test_import_quota_partial_rows_updates_and_password_policy[funcionarios-limite_funcionarios-1]|tests.test_sprint02_security::test_import_quota_partial_rows_updates_and_password_policy[produtos-limite_produtos-0]|tests.test_sprint02_security::test_nonadmin_cannot_grant_roles_or_import_staff_even_with_permission,tests/test_sprint02_adversarial.py::test_every_api_method_enforces_auth_scope_and_csrf[anonymous]:POST:401|tests/test_sprint02_adversarial.py::test_every_api_method_enforces_auth_scope_and_csrf[missing_csrf]:POST:401|tests/test_sprint02_adversarial.py::test_every_api_method_enforces_auth_scope_and_csrf[wrong_scope]:POST:403|tests/test_sprint02_security.py::test_every_api_requires_auth_except_health_and_disabled_webhook:POST:401,regression/junit.xml|retest/junit.xml|regression/http-route-coverage.json|auditoria-modulos.md|auditoria-ui.md,Static service linkage is not route-level HTTP coverage; see audit and browser evidence. Vinculo estatico de servico; nao comprova cobertura HTTP desta rota
FIN-01 Adiantamentos,GET,/api/adiantamentos/,adiantamento.listar,AcessoEmpresaService.obter_escopo|AdiantamentoService.listar,tests.test_sprint02_security::test_cross_tenant_foreign_keys_and_company_admin_scope|tests.test_sprint02_security::test_import_quota_partial_rows_updates_and_password_policy[funcionarios-limite_funcionarios-1]|tests.test_sprint02_security::test_import_quota_partial_rows_updates_and_password_policy[produtos-limite_produtos-0]|tests.test_sprint02_security::test_nonadmin_cannot_grant_roles_or_import_staff_even_with_permission,tests/test_sprint02_adversarial.py::test_every_api_method_enforces_auth_scope_and_csrf[anonymous]:GET:401|tests/test_sprint02_adversarial.py::test_every_api_method_enforces_auth_scope_and_csrf[wrong_scope]:GET:403|tests/test_sprint02_security.py::test_every_api_requires_auth_except_health_and_disabled_webhook:GET:401,regression/junit.xml|retest/junit.xml|regression/http-route-coverage.json|auditoria-modulos.md|auditoria-ui.md,Static service linkage is not route-level HTTP coverage; see audit and browser evidence. Vinculo estatico de servico; nao comprova cobertura HTTP desta rota
FIN-REL-05 Ciclos financeiros e privacidade,POST,/api/adiantamentos/<int:adiantamento_id>/transicao,ciclos.transicionar,AdiantamentoCicloService.transicionar,,tests/test_sprint02_adversarial.py::test_every_api_method_enforces_auth_scope_and_csrf[anonymous]:POST:401|tests/test_sprint02_adversarial.py::test_every_api_method_enforces_auth_scope_and_csrf[missing_csrf]:POST:401|tests/test_sprint02_adversarial.py::test_every_api_method_enforces_auth_scope_and_csrf[wrong_scope]:POST:403|tests/test_sprint02_security.py::test_every_api_requires_auth_except_health_and_disabled_webhook:POST:401|tests/test_sprint05_cycles.py::test_new_mutations_require_csrf[/api/adiantamentos/1/transicao]:POST:401|tests/test_sprint05_cycles.py::test_new_permissions_revalidated_in_existing_session[autorizar_adiantamento-/api/adiantamentos/1/transicao-post]:POST:403,regression/junit.xml|retest/junit.xml|regression/http-route-coverage.json|auditoria-modulos.md|auditoria-ui.md,Static service linkage is not route-level HTTP coverage; see audit and browser evidence. Vinculo estatico de servico; nao comprova cobertura HTTP desta rota
FIN-01 Adiantamentos,GET,/api/adiantamentos/auxiliares,adiantamento.auxiliares,AcessoEmpresaService.obter_escopo|AdiantamentoService.listar_auxiliares,tests.test_sprint02_security::test_cross_tenant_foreign_keys_and_company_admin_scope|tests.test_sprint02_security::test_import_quota_partial_rows_updates_and_password_policy[funcionarios-limite_funcionarios-1]|tests.test_sprint02_security::test_import_quota_partial_rows_updates_and_password_policy[produtos-limite_produtos-0]|tests.test_sprint02_security::test_nonadmin_cannot_grant_roles_or_import_staff_even_with_permission,tests/test_sprint02_adversarial.py::test_every_api_method_enforces_auth_scope_and_csrf[anonymous]:GET:401|tests/test_sprint02_adversarial.py::test_every_api_method_enforces_auth_scope_and_csrf[wrong_scope]:GET:403|tests/test_sprint02_security.py::test_every_api_requires_auth_except_health_and_disabled_webhook:GET:401,regression/junit.xml|retest/junit.xml|regression/http-route-coverage.json|auditoria-modulos.md|auditoria-ui.md,Static service linkage is not route-level HTTP coverage; see audit and browser evidence. Vinculo estatico de servico; nao comprova cobertura HTTP desta rota
FIN-01 Adiantamentos,GET,/api/adiantamentos/resumo,adiantamento.resumo,AcessoEmpresaService.obter_escopo|AdiantamentoService.obter_resumo_folha,tests.test_sprint02_security::test_cross_tenant_foreign_keys_and_company_admin_scope|tests.test_sprint02_security::test_import_quota_partial_rows_updates_and_password_policy[funcionarios-limite_funcionarios-1]|tests.test_sprint02_security::test_import_quota_partial_rows_updates_and_password_policy[produtos-limite_produtos-0]|tests.test_sprint02_security::test_nonadmin_cannot_grant_roles_or_import_staff_even_with_permission|tests.test_sprint05_cycles::test_advance_full_cycle_preserves_ledger_and_stock[False]|tests.test_sprint05_cycles::test_advance_full_cycle_preserves_ledger_and_stock[True],tests/test_sprint02_adversarial.py::test_every_api_method_enforces_auth_scope_and_csrf[anonymous]:GET:401|tests/test_sprint02_adversarial.py::test_every_api_method_enforces_auth_scope_and_csrf[wrong_scope]:GET:403|tests/test_sprint02_security.py::test_every_api_requires_auth_except_health_and_disabled_webhook:GET:401,regression/junit.xml|retest/junit.xml|regression/http-route-coverage.json|auditoria-modulos.md|auditoria-ui.md,Static service linkage is not route-level HTTP coverage; see audit and browser evidence. Vinculo estatico de servico; nao comprova cobertura HTTP desta rota
FIN-REL-05 Ciclos financeiros e privacidade,POST,/api/adiantamentos/solicitar,ciclos.solicitar,AdiantamentoCicloService.solicitar,tests.test_sprint05_adversarial::test_advance_approval_rechecks_employee_company_link|tests.test_sprint05_adversarial::test_advance_failure_at_every_persisted_boundary[autorizar-AdiantamentoFuncionario-after_update]|tests.test_sprint05_adversarial::test_advance_failure_at_every_persisted_boundary[autorizar-AuditLog-after_insert]|tests.test_sprint05_adversarial::test_advance_failure_at_every_persisted_boundary[autorizar-LancamentoFinanceiro-after_insert]|tests.test_sprint05_adversarial::test_advance_failure_at_every_persisted_boundary[autorizar-MovimentoEstoque-after_insert]|tests.test_sprint05_adversarial::test_advance_failure_at_every_persisted_boundary[autorizar-OperacaoIdempotente-after_insert]|tests.test_sprint05_adversarial::test_advance_failure_at_every_persisted_boundary[estornar-AdiantamentoFuncionario-after_update]|tests.test_sprint05_adversarial::test_advance_failure_at_every_persisted_boundary[estornar-AuditLog-after_insert]|tests.test_sprint05_adversarial::test_advance_failure_at_every_persisted_boundary[estornar-LancamentoFinanceiro-after_insert]|tests.test_sprint05_adversarial::test_advance_failure_at_every_persisted_boundary[estornar-MovimentoEstoque-after_insert]|tests.test_sprint05_adversarial::test_advance_failure_at_every_persisted_boundary[estornar-OperacaoIdempotente-after_insert]|tests.test_sprint05_adversarial::test_all_invalid_advance_transitions[AUTORIZADO-autorizar]|tests.test_sprint05_adversarial::test_all_invalid_advance_transitions[AUTORIZADO-cancelar]|tests.test_sprint05_adversarial::test_all_invalid_advance_transitions[AUTORIZADO-reverter_baixa]|tests.test_sprint05_adversarial::test_all_invalid_advance_transitions[BAIXADO-autorizar]|tests.test_sprint05_adversarial::test_all_invalid_advance_transitions[BAIXADO-baixar]|tests.test_sprint05_adversarial::test_all_invalid_advance_transitions[BAIXADO-cancelar]|tests.test_sprint05_adversarial::test_all_invalid_advance_transitions[BAIXADO-estornar]|tests.test_sprint05_adversarial::test_all_invalid_advance_transitions[CANCELADO-autorizar]|tests.test_sprint05_adversarial::test_all_invalid_advance_transitions[CANCELADO-baixar]|tests.test_sprint05_adversarial::test_all_invalid_advance_transitions[CANCELADO-cancelar]|tests.test_sprint05_adversarial::test_all_invalid_advance_transitions[CANCELADO-estornar]|tests.test_sprint05_adversarial::test_all_invalid_advance_transitions[CANCELADO-reverter_baixa]|tests.test_sprint05_adversarial::test_all_invalid_advance_transitions[ESTORNADO-autorizar]|tests.test_sprint05_adversarial::test_all_invalid_advance_transitions[ESTORNADO-baixar]|tests.test_sprint05_adversarial::test_all_invalid_advance_transitions[ESTORNADO-cancelar]|tests.test_sprint05_adversarial::test_all_invalid_advance_transitions[ESTORNADO-estornar]|tests.test_sprint05_adversarial::test_all_invalid_advance_transitions[ESTORNADO-reverter_baixa]|tests.test_sprint05_adversarial::test_all_invalid_advance_transitions[PENDENTE-baixar]|tests.test_sprint05_adversarial::test_all_invalid_advance_transitions[PENDENTE-estornar]|tests.test_sprint05_adversarial::test_all_invalid_advance_transitions[PENDENTE-reverter_baixa]|tests.test_sprint05_cycles::test_advance_cancel_and_concurrent_approval|tests.test_sprint05_cycles::test_advance_failure_after_ledger_insert_rolls_back|tests.test_sprint05_cycles::test_advance_full_cycle_preserves_ledger_and_stock[False]|tests.test_sprint05_cycles::test_advance_full_cycle_preserves_ledger_and_stock[True]|tests.test_sprint05_cycles::test_advance_refuses_invalid_money_without_effects[-0.01]|tests.test_sprint05_cycles::test_advance_refuses_invalid_money_without_effects[-Infinity]|tests.test_sprint05_cycles::test_advance_refuses_invalid_money_without_effects[0.001]|tests.test_sprint05_cycles::test_advance_refuses_invalid_money_without_effects[10000000000]|tests.test_sprint05_cycles::test_advance_refuses_invalid_money_without_effects[Infinity]|tests.test_sprint05_cycles::test_advance_refuses_invalid_money_without_effects[NaN],tests/test_sprint02_adversarial.py::test_every_api_method_enforces_auth_scope_and_csrf[anonymous]:POST:401|tests/test_sprint02_adversarial.py::test_every_api_method_enforces_auth_scope_and_csrf[missing_csrf]:POST:401|tests/test_sprint02_adversarial.py::test_every_api_method_enforces_auth_scope_and_csrf[wrong_scope]:POST:403|tests/test_sprint02_security.py::test_every_api_requires_auth_except_health_and_disabled_webhook:POST:401|tests/test_sprint05_adversarial.py::test_advance_api_rejects_extremes_without_effects[empresa_id-1.5]:POST:400|tests/test_sprint05_adversarial.py::test_advance_api_rejects_extremes_without_effects[empresa_id-True]:POST:400|tests/test_sprint05_adversarial.py::test_advance_api_rejects_extremes_without_effects[funcionario_id-1.0]:POST:400|tests/test_sprint05_adversarial.py::test_advance_api_rejects_extremes_without_effects[funcionario_id-False]:POST:400|tests/test_sprint05_adversarial.py::test_advance_api_rejects_extremes_without_effects[valor_total--Infinity]:POST:400|tests/test_sprint05_adversarial.py::test_advance_api_rejects_extremes_without_effects[valor_total-1e10000]:POST:400|tests/test_sprint05_adversarial.py::test_advance_api_rejects_extremes_without_effects[valor_total-9999999999.999]:POST:400|tests/test_sprint05_adversarial.py::test_advance_api_rejects_extremes_without_effects[valor_total-Infinity]:POST:400|tests/test_sprint05_adversarial.py::test_advance_api_rejects_extremes_without_effects[valor_total-NaN]:POST:400|tests/test_sprint05_cycles.py::test_new_mutations_require_csrf[/api/adiantamentos/solicitar]:POST:401,regression/junit.xml|retest/junit.xml|regression/http-route-coverage.json|auditoria-modulos.md|auditoria-ui.md,Static service linkage is not route-level HTTP coverage; see audit and browser evidence. Vinculo estatico de servico; nao comprova cobertura HTTP desta rota
FIN-01 Adiantamentos,GET,/api/adiantamentos/view,adiantamento.pagina,template/decorator/helper/consulta direta,,tests/test_sprint02_adversarial.py::test_every_api_method_enforces_auth_scope_and_csrf[anonymous]:GET:401|tests/test_sprint02_adversarial.py::test_every_api_method_enforces_auth_scope_and_csrf[wrong_scope]:GET:302|tests/test_sprint02_security.py::test_every_api_requires_auth_except_health_and_disabled_webhook:GET:401,regression/junit.xml|retest/junit.xml|regression/http-route-coverage.json|auditoria-modulos.md|auditoria-ui.md,Static service linkage is not route-level HTTP coverage; see audit and browser evidence. Vinculo estatico de servico; nao comprova cobertura HTTP desta rota
OPS-06 Auditoria com escopo e paginacao,GET,/api/auditoria/,auditoria.listar,AcessoEmpresaService.filtrar_empresa_ids|AcessoEmpresaService.obter_escopo|AcessoEmpresaService.validar_empresa,tests.test_sprint02_security::test_cross_tenant_foreign_keys_and_company_admin_scope|tests.test_sprint02_security::test_import_quota_partial_rows_updates_and_password_policy[funcionarios-limite_funcionarios-1]|tests.test_sprint02_security::test_import_quota_partial_rows_updates_and_password_policy[produtos-limite_produtos-0]|tests.test_sprint02_security::test_nonadmin_cannot_grant_roles_or_import_staff_even_with_permission,tests/test_sprint02_adversarial.py::test_every_api_method_enforces_auth_scope_and_csrf[anonymous]:GET:401|tests/test_sprint02_adversarial.py::test_every_api_method_enforces_auth_scope_and_csrf[wrong_scope]:GET:403|tests/test_sprint02_security.py::test_every_api_requires_auth_except_health_and_disabled_webhook:GET:401|tests/test_sprint06_data_adversarial.py::test_audit_cookie_claim_tampering:GET:422|tests/test_sprint06_data_adversarial.py::test_audit_first_page_includes_maximum_integer_id:GET:200|tests/test_sprint06_data_adversarial.py::test_audit_http_tampering_is_read_only[DELETE]:GET:200|tests/test_sprint06_data_adversarial.py::test_audit_http_tampering_is_read_only[PATCH]:GET:200|tests/test_sprint06_data_adversarial.py::test_audit_http_tampering_is_read_only[POST]:GET:200|tests/test_sprint06_data_adversarial.py::test_audit_http_tampering_is_read_only[PUT]:GET:200|tests/test_sprint06_data_adversarial.py::test_audit_inactive_company_denied:GET:200|tests/test_sprint06_data_adversarial.py::test_audit_inactive_company_denied:GET:403|tests/test_sprint06_data_adversarial.py::test_audit_live_company_revocation_and_empty_scope:GET:200|tests/test_sprint06_data_adversarial.py::test_audit_live_company_revocation_and_empty_scope:GET:403|tests/test_sprint06_data_adversarial.py::test_audit_pagination_survives_insert_and_reaches_end:GET:200|tests/test_sprint06_data_adversarial.py::test_audit_rejects_ambiguous_or_out_of_range_parameters[before=0]:GET:400|tests/test_sprint06_data_adversarial.py::test_audit_rejects_ambiguous_or_out_of_range_parameters[before=1%20OR%201=1]:GET:400|tests/test_sprint06_data_adversarial.py::test_audit_rejects_ambiguous_or_out_of_range_parameters[before=20&before=1]:GET:400|tests/test_sprint06_data_adversarial.py::test_audit_rejects_ambiguous_or_out_of_range_parameters[before=2147483648]:GET:400|tests/test_sprint06_data_adversarial.py::test_audit_rejects_ambiguous_or_out_of_range_parameters[before=]:GET:400|tests/test_sprint06_data_adversarial.py::test_audit_rejects_ambiguous_or_out_of_range_parameters[empresa_id=%00]:GET:400|tests/test_sprint06_data_adversarial.py::test_audit_rejects_ambiguous_or_out_of_range_parameters[empresa_id=-1]:GET:400|tests/test_sprint06_data_adversarial.py::test_audit_rejects_ambiguous_or_out_of_range_parameters[empresa_id=0]:GET:400|tests/test_sprint06_data_adversarial.py::test_audit_rejects_ambiguous_or_out_of_range_parameters[empresa_id=1&empresa_id=3]:GET:400|tests/test_sprint06_data_adversarial.py::test_audit_rejects_ambiguous_or_out_of_range_parameters[empresa_id=2147483648]:GET:400|tests/test_sprint06_data_adversarial.py::test_audit_rejects_ambiguous_or_out_of_range_parameters[empresa_id=99999999999999999999999999999999999999999999999999]:GET:400|tests/test_sprint06_data_adversarial.py::test_audit_rejects_ambiguous_or_out_of_range_parameters[empresa_id=]:GET:400|tests/test_sprint06_data_adversarial.py::test_audit_rejects_ambiguous_or_out_of_range_parameters[limit-5000-digits]:GET:400|tests/test_sprint06_data_adversarial.py::test_audit_rejects_ambiguous_or_out_of_range_parameters[limit=%201]:GET:400|tests/test_sprint06_data_adversarial.py::test_audit_rejects_ambiguous_or_out_of_range_parameters[limit=%2B1]:GET:400|tests/test_sprint06_data_adversarial.py::test_audit_rejects_ambiguous_or_out_of_range_parameters[limit=%EF%BC%91]:GET:400|tests/test_sprint06_data_adversarial.py::test_audit_rejects_ambiguous_or_out_of_range_parameters[limit=-1]:GET:400|tests/test_sprint06_data_adversarial.py::test_audit_rejects_ambiguous_or_out_of_range_parameters[limit=0]:GET:400|tests/test_sprint06_data_adversarial.py::test_audit_rejects_ambiguous_or_out_of_range_parameters[limit=1&limit=100]:GET:400|tests/test_sprint06_data_adversarial.py::test_audit_rejects_ambiguous_or_out_of_range_parameters[limit=1.0]:GET:400|tests/test_sprint06_data_adversarial.py::test_audit_rejects_ambiguous_or_out_of_range_parameters[limit=101]:GET:400|tests/test_sprint06_data_adversarial.py::test_audit_rejects_ambiguous_or_out_of_range_parameters[limit=1_0]:GET:400|tests/test_sprint06_data_adversarial.py::test_audit_rejects_ambiguous_or_out_of_range_parameters[limit=1e2]:GET:400|tests/test_sprint06_data_adversarial.py::test_audit_rejects_ambiguous_or_out_of_range_parameters[limit=]:GET:400|tests/test_sprint06_data_adversarial.py::test_audit_requires_permission_and_tenant_scope[/api/auditoria/]:GET:401|tests/test_sprint06_data_adversarial.py::test_audit_requires_permission_and_tenant_scope[/api/auditoria/]:GET:403|tests/test_sprint06_data_adversarial.py::test_audit_tenant_cursor_and_header_tampering:GET:200|tests/test_sprint06_data_adversarial.py::test_audit_tenant_cursor_and_header_tampering:GET:403|tests/test_sprint06_load_adversarial.py::test_concurrent_audit_reads_bounded_and_tenant_safe:GET:200|tests/test_sprint06_operations.py::test_audit_benchmark_bounded_queries_and_index:GET:200|tests/test_sprint06_operations.py::test_audit_permission_scope_pagination_and_private_projection:GET:200|tests/test_sprint06_operations.py::test_audit_permission_scope_pagination_and_private_projection:GET:400|tests/test_sprint06_operations.py::test_audit_permission_scope_pagination_and_private_projection:GET:403|tests/test_sprint06_operations.py::test_company_restricted_audit_excludes_global_and_other_company:GET:200,regression/junit.xml|retest/junit.xml|regression/http-route-coverage.json|auditoria-modulos.md|auditoria-ui.md,Static service linkage is not route-level HTTP coverage; see audit and browser evidence. Vinculo estatico de servico; nao comprova cobertura HTTP desta rota
OPS-06 Auditoria com escopo e paginacao,GET,/api/auditoria/view,auditoria.pagina,template/decorator/helper/consulta direta,,tests/test_sprint02_adversarial.py::test_every_api_method_enforces_auth_scope_and_csrf[anonymous]:GET:401|tests/test_sprint02_adversarial.py::test_every_api_method_enforces_auth_scope_and_csrf[wrong_scope]:GET:403|tests/test_sprint02_security.py::test_every_api_requires_auth_except_health_and_disabled_webhook:GET:401|tests/test_sprint06_data_adversarial.py::test_audit_requires_permission_and_tenant_scope[/api/auditoria/view]:GET:401|tests/test_sprint06_data_adversarial.py::test_audit_requires_permission_and_tenant_scope[/api/auditoria/view]:GET:403,regression/junit.xml|retest/junit.xml|regression/http-route-coverage.json|auditoria-modulos.md|auditoria-ui.md,Static service linkage is not route-level HTTP coverage; see audit and browser evidence. Vinculo estatico de servico; nao comprova cobertura HTTP desta rota
AUTH-01 Autenticacao,POST,/api/auth/funcionarios/<int:funcionario_id>/redefinicao,auth.emitir_redefinicao,AuthService.emitir_redefinicao,tests.test_sprint02_security::test_concurrent_reset_accepts_one_consumer|tests.test_sprint02_security::test_reset_token_is_hashed_tenant_bound_expiring_and_single_use,tests/test_sprint02_adversarial.py::test_every_api_method_enforces_auth_scope_and_csrf[anonymous]:POST:401|tests/test_sprint02_adversarial.py::test_every_api_method_enforces_auth_scope_and_csrf[missing_csrf]:POST:401|tests/test_sprint02_adversarial.py::test_every_api_method_enforces_auth_scope_and_csrf[wrong_scope]:POST:403|tests/test_sprint02_security.py::test_admin_without_all_companies_cannot_change_shared_accounts:POST:403|tests/test_sprint02_security.py::test_every_api_requires_auth_except_health_and_disabled_webhook:POST:401|tests/test_sprint02_security.py::test_http_cross_tenant_crud_reset_and_platform_boundary:POST:400|tests/test_sprint02_security.py::test_http_password_reset_revokes_cookie_and_rejects_reuse:POST:200,regression/junit.xml|retest/junit.xml|regression/http-route-coverage.json|auditoria-modulos.md|auditoria-ui.md,Static service linkage is not route-level HTTP coverage; see audit and browser evidence. Vinculo estatico de servico; nao comprova cobertura HTTP desta rota
CAD-02 Categorias,POST,/api/categorias/,categoria.criar,CategoriaService.criar,tests.test_sprint03_transactions::test_category_validation_and_in_use_delete|tests.test_sprint03_transactions::test_export_formula_like_text_is_literal|tests.test_sprint07_audit::test_http_identifiers_never_select_a_different_record[1.5-employee_company]|tests.test_sprint07_audit::test_http_identifiers_never_select_a_different_record[1.5-employee_role]|tests.test_sprint07_audit::test_http_identifiers_never_select_a_different_record[1.5-platform_company]|tests.test_sprint07_audit::test_http_identifiers_never_select_a_different_record[1.5-product_category]|tests.test_sprint07_audit::test_http_identifiers_never_select_a_different_record[1.5-product_company]|tests.test_sprint07_audit::test_http_identifiers_never_select_a_different_record[1.5-role_permission]|tests.test_sprint07_audit::test_http_identifiers_never_select_a_different_record[1.5-stock]|tests.test_sprint07_audit::test_http_identifiers_never_select_a_different_record[True-employee_company]|tests.test_sprint07_audit::test_http_identifiers_never_select_a_different_record[True-employee_role]|tests.test_sprint07_audit::test_http_identifiers_never_select_a_different_record[True-platform_company]|tests.test_sprint07_audit::test_http_identifiers_never_select_a_different_record[True-product_category]|tests.test_sprint07_audit::test_http_identifiers_never_select_a_different_record[True-product_company]|tests.test_sprint07_audit::test_http_identifiers_never_select_a_different_record[True-role_permission]|tests.test_sprint07_audit::test_http_identifiers_never_select_a_different_record[True-stock],tests/test_sprint02_adversarial.py::test_every_api_method_enforces_auth_scope_and_csrf[anonymous]:POST:401|tests/test_sprint02_adversarial.py::test_every_api_method_enforces_auth_scope_and_csrf[missing_csrf]:POST:401|tests/test_sprint02_adversarial.py::test_every_api_method_enforces_auth_scope_and_csrf[wrong_scope]:POST:403|tests/test_sprint02_security.py::test_every_api_requires_auth_except_health_and_disabled_webhook:POST:401,regression/junit.xml|retest/junit.xml|regression/http-route-coverage.json|auditoria-modulos.md|auditoria-ui.md,Static service linkage is not route-level HTTP coverage; see audit and browser evidence. Vinculo estatico de servico; nao comprova cobertura HTTP desta rota
CAD-02 Categorias,GET,/api/categorias/,categoria.listar,AcessoEmpresaService.obter_escopo|CategoriaService.listar,tests.test_sprint02_security::test_cross_tenant_foreign_keys_and_company_admin_scope|tests.test_sprint02_security::test_import_quota_partial_rows_updates_and_password_policy[funcionarios-limite_funcionarios-1]|tests.test_sprint02_security::test_import_quota_partial_rows_updates_and_password_policy[produtos-limite_produtos-0]|tests.test_sprint02_security::test_nonadmin_cannot_grant_roles_or_import_staff_even_with_permission,tests/test_sprint02_adversarial.py::test_every_api_method_enforces_auth_scope_and_csrf[anonymous]:GET:401|tests/test_sprint02_adversarial.py::test_every_api_method_enforces_auth_scope_and_csrf[wrong_scope]:GET:403|tests/test_sprint02_adversarial.py::test_foreign_resource_ids_cannot_read_modify_or_delete:GET:200|tests/test_sprint02_security.py::test_every_api_requires_auth_except_health_and_disabled_webhook:GET:401|tests/test_sprint02_security.py::test_http_cross_tenant_crud_reset_and_platform_boundary:GET:200|tests/test_sprint02_security.py::test_http_cross_tenant_crud_reset_and_platform_boundary:GET:403|tests/test_sprint02_security.py::test_http_errors_hide_database_and_exception_details:GET:500,regression/junit.xml|retest/junit.xml|regression/http-route-coverage.json|auditoria-modulos.md|auditoria-ui.md,Static service linkage is not route-level HTTP coverage; see audit and browser evidence. Vinculo estatico de servico; nao comprova cobertura HTTP desta rota
CAD-02 Categorias,PUT,/api/categorias/<int:categoria_id>,categoria.atualizar,CategoriaService.atualizar,,tests/test_sprint02_adversarial.py::test_every_api_method_enforces_auth_scope_and_csrf[anonymous]:PUT:401|tests/test_sprint02_adversarial.py::test_every_api_method_enforces_auth_scope_and_csrf[missing_csrf]:PUT:401|tests/test_sprint02_adversarial.py::test_every_api_method_enforces_auth_scope_and_csrf[wrong_scope]:PUT:403|tests/test_sprint02_adversarial.py::test_foreign_resource_ids_cannot_read_modify_or_delete:PUT:400|tests/test_sprint02_security.py::test_every_api_requires_auth_except_health_and_disabled_webhook:PUT:401,regression/junit.xml|retest/junit.xml|regression/http-route-coverage.json|auditoria-modulos.md|auditoria-ui.md,Static service linkage is not route-level HTTP coverage; see audit and browser evidence. Vinculo estatico de servico; nao comprova cobertura HTTP desta rota
CAD-02 Categorias,DELETE,/api/categorias/<int:categoria_id>,categoria.deletar,CategoriaService.deletar,tests.test_sprint03_transactions::test_category_validation_and_in_use_delete,tests/test_sprint02_adversarial.py::test_every_api_method_enforces_auth_scope_and_csrf[anonymous]:DELETE:401|tests/test_sprint02_adversarial.py::test_every_api_method_enforces_auth_scope_and_csrf[missing_csrf]:DELETE:401|tests/test_sprint02_adversarial.py::test_every_api_method_enforces_auth_scope_and_csrf[wrong_scope]:DELETE:403|tests/test_sprint02_adversarial.py::test_foreign_resource_ids_cannot_read_modify_or_delete:DELETE:400|tests/test_sprint02_security.py::test_every_api_requires_auth_except_health_and_disabled_webhook:DELETE:401|tests/test_sprint02_security.py::test_http_cross_tenant_crud_reset_and_platform_boundary:DELETE:400,regression/junit.xml|retest/junit.xml|regression/http-route-coverage.json|auditoria-modulos.md|auditoria-ui.md,Static service linkage is not route-level HTTP coverage; see audit and browser evidence. Vinculo estatico de servico; nao comprova cobertura HTTP desta rota
CAD-02 Categorias,GET,/api/categorias/view,categoria.pagina,template/decorator/helper/consulta direta,,tests/test_sprint02_adversarial.py::test_every_api_method_enforces_auth_scope_and_csrf[anonymous]:GET:401|tests/test_sprint02_adversarial.py::test_every_api_method_enforces_auth_scope_and_csrf[wrong_scope]:GET:302|tests/test_sprint02_security.py::test_every_api_requires_auth_except_health_and_disabled_webhook:GET:401,regression/junit.xml|retest/junit.xml|regression/http-route-coverage.json|auditoria-modulos.md|auditoria-ui.md,Static service linkage is not route-level HTTP coverage; see audit and browser evidence. Vinculo estatico de servico; nao comprova cobertura HTTP desta rota
REL-01 Clientes e cashback,POST,/api/clientes/,cliente.criar,ClienteService.criar|ClienteService.serializar_cliente,,tests/test_sprint02_adversarial.py::test_every_api_method_enforces_auth_scope_and_csrf[anonymous]:POST:401|tests/test_sprint02_adversarial.py::test_every_api_method_enforces_auth_scope_and_csrf[missing_csrf]:POST:401|tests/test_sprint02_adversarial.py::test_every_api_method_enforces_auth_scope_and_csrf[wrong_scope]:POST:403|tests/test_sprint02_security.py::test_every_api_requires_auth_except_health_and_disabled_webhook:POST:401,regression/junit.xml|retest/junit.xml|regression/http-route-coverage.json|auditoria-modulos.md|auditoria-ui.md,Static service linkage is not route-level HTTP coverage; see audit and browser evidence. Vinculo estatico de servico; nao comprova cobertura HTTP desta rota
REL-01 Clientes e cashback,GET,/api/clientes/,cliente.listar,AcessoEmpresaService.obter_escopo|ClienteService.listar,tests.test_sprint02_security::test_cross_tenant_foreign_keys_and_company_admin_scope|tests.test_sprint02_security::test_import_quota_partial_rows_updates_and_password_policy[funcionarios-limite_funcionarios-1]|tests.test_sprint02_security::test_import_quota_partial_rows_updates_and_password_policy[produtos-limite_produtos-0]|tests.test_sprint02_security::test_nonadmin_cannot_grant_roles_or_import_staff_even_with_permission,tests/test_sprint02_adversarial.py::test_every_api_method_enforces_auth_scope_and_csrf[anonymous]:GET:401|tests/test_sprint02_adversarial.py::test_every_api_method_enforces_auth_scope_and_csrf[wrong_scope]:GET:403|tests/test_sprint02_adversarial.py::test_foreign_resource_ids_cannot_read_modify_or_delete:GET:200|tests/test_sprint02_security.py::test_every_api_requires_auth_except_health_and_disabled_webhook:GET:401,regression/junit.xml|retest/junit.xml|regression/http-route-coverage.json|auditoria-modulos.md|auditoria-ui.md,Static service linkage is not route-level HTTP coverage; see audit and browser evidence. Vinculo estatico de servico; nao comprova cobertura HTTP desta rota
REL-01 Clientes e cashback,PUT,/api/clientes/<int:cliente_id>,cliente.atualizar,ClienteService.atualizar|ClienteService.serializar_cliente,tests.test_sprint05_cycles::test_consent_export_anonymization_preserves_obligations,tests/test_sprint02_adversarial.py::test_every_api_method_enforces_auth_scope_and_csrf[anonymous]:PUT:401|tests/test_sprint02_adversarial.py::test_every_api_method_enforces_auth_scope_and_csrf[missing_csrf]:PUT:401|tests/test_sprint02_adversarial.py::test_every_api_method_enforces_auth_scope_and_csrf[wrong_scope]:PUT:403|tests/test_sprint02_adversarial.py::test_foreign_resource_ids_cannot_read_modify_or_delete:PUT:400|tests/test_sprint02_security.py::test_every_api_requires_auth_except_health_and_disabled_webhook:PUT:401,regression/junit.xml|retest/junit.xml|regression/http-route-coverage.json|auditoria-modulos.md|auditoria-ui.md,Static service linkage is not route-level HTTP coverage; see audit and browser evidence. Vinculo estatico de servico; nao comprova cobertura HTTP desta rota
REL-01 Clientes e cashback,DELETE,/api/clientes/<int:cliente_id>,cliente.deletar,ClienteService.deletar,,tests/test_sprint02_adversarial.py::test_every_api_method_enforces_auth_scope_and_csrf[anonymous]:DELETE:401|tests/test_sprint02_adversarial.py::test_every_api_method_enforces_auth_scope_and_csrf[missing_csrf]:DELETE:401|tests/test_sprint02_adversarial.py::test_every_api_method_enforces_auth_scope_and_csrf[wrong_scope]:DELETE:403|tests/test_sprint02_adversarial.py::test_foreign_resource_ids_cannot_read_modify_or_delete:DELETE:400|tests/test_sprint02_security.py::test_every_api_requires_auth_except_health_and_disabled_webhook:DELETE:401,regression/junit.xml|retest/junit.xml|regression/http-route-coverage.json|auditoria-modulos.md|auditoria-ui.md,Static service linkage is not route-level HTTP coverage; see audit and browser evidence. Vinculo estatico de servico; nao comprova cobertura HTTP desta rota
FIN-REL-05 Ciclos financeiros e privacidade,POST,/api/clientes/<int:cliente_id>/anonimizar,ciclos.anonimizar,ClientePrivacidadeService.anonimizar,tests.test_sprint05_adversarial::test_privacy_committed_after_claim_prevents_transport[anonymize]|tests.test_sprint05_adversarial::test_privacy_committed_after_claim_prevents_transport[unsubscribe]|tests.test_sprint05_adversarial::test_privacy_failure_rolls_back_all_operational_copies[audit]|tests.test_sprint05_adversarial::test_privacy_failure_rolls_back_all_operational_copies[cache]|tests.test_sprint05_adversarial::test_privacy_failure_rolls_back_all_operational_copies[commit]|tests.test_sprint05_adversarial::test_privacy_failure_rolls_back_all_operational_copies[customer]|tests.test_sprint05_adversarial::test_privacy_failure_rolls_back_all_operational_copies[message]|tests.test_sprint05_cycles::test_anonymized_idempotent_sale_cannot_reveal_customer_again|tests.test_sprint05_cycles::test_consent_export_anonymization_preserves_obligations,tests/test_sprint02_adversarial.py::test_every_api_method_enforces_auth_scope_and_csrf[anonymous]:POST:401|tests/test_sprint02_adversarial.py::test_every_api_method_enforces_auth_scope_and_csrf[missing_csrf]:POST:401|tests/test_sprint02_adversarial.py::test_every_api_method_enforces_auth_scope_and_csrf[wrong_scope]:POST:403|tests/test_sprint02_security.py::test_every_api_requires_auth_except_health_and_disabled_webhook:POST:401|tests/test_sprint05_cycles.py::test_new_mutations_require_csrf[/api/clientes/1/anonimizar]:POST:401,regression/junit.xml|retest/junit.xml|regression/http-route-coverage.json|auditoria-modulos.md|auditoria-ui.md,Static service linkage is not route-level HTTP coverage; see audit and browser evidence. Vinculo estatico de servico; nao comprova cobertura HTTP desta rota
REL-01 Clientes e cashback,GET,/api/clientes/<int:cliente_id>/carteira,cliente.obter_carteira,AcessoEmpresaService.obter_escopo|ClienteService.obter_carteira,tests.test_sprint02_security::test_cross_tenant_foreign_keys_and_company_admin_scope|tests.test_sprint02_security::test_import_quota_partial_rows_updates_and_password_policy[funcionarios-limite_funcionarios-1]|tests.test_sprint02_security::test_import_quota_partial_rows_updates_and_password_policy[produtos-limite_produtos-0]|tests.test_sprint02_security::test_nonadmin_cannot_grant_roles_or_import_staff_even_with_permission|tests.test_sprint07_audit::test_cashback_remains_spendable_until_brazil_midnight,tests/test_sprint02_adversarial.py::test_every_api_method_enforces_auth_scope_and_csrf[anonymous]:GET:401|tests/test_sprint02_adversarial.py::test_every_api_method_enforces_auth_scope_and_csrf[wrong_scope]:GET:403|tests/test_sprint02_adversarial.py::test_foreign_resource_ids_cannot_read_modify_or_delete:GET:400|tests/test_sprint02_security.py::test_every_api_requires_auth_except_health_and_disabled_webhook:GET:401,regression/junit.xml|retest/junit.xml|regression/http-route-coverage.json|auditoria-modulos.md|auditoria-ui.md,Static service linkage is not route-level HTTP coverage; see audit and browser evidence. Vinculo estatico de servico; nao comprova cobertura HTTP desta rota
FIN-REL-05 Ciclos financeiros e privacidade,POST,/api/clientes/<int:cliente_id>/consentimento,ciclos.consentir,ClientePrivacidadeService.consentir,tests.test_sprint05_adversarial::test_privacy_committed_after_claim_prevents_transport[anonymize]|tests.test_sprint05_adversarial::test_privacy_committed_after_claim_prevents_transport[unsubscribe]|tests.test_sprint05_cycles::test_consent_export_anonymization_preserves_obligations,tests/test_sprint02_adversarial.py::test_every_api_method_enforces_auth_scope_and_csrf[anonymous]:POST:401|tests/test_sprint02_adversarial.py::test_every_api_method_enforces_auth_scope_and_csrf[missing_csrf]:POST:401|tests/test_sprint02_adversarial.py::test_every_api_method_enforces_auth_scope_and_csrf[wrong_scope]:POST:403|tests/test_sprint02_security.py::test_every_api_requires_auth_except_health_and_disabled_webhook:POST:401|tests/test_sprint05_cycles.py::test_new_mutations_require_csrf[/api/clientes/1/consentimento]:POST:401,regression/junit.xml|retest/junit.xml|regression/http-route-coverage.json|auditoria-modulos.md|auditoria-ui.md,Static service linkage is not route-level HTTP coverage; see audit and browser evidence. Vinculo estatico de servico; nao comprova cobertura HTTP desta rota
FIN-REL-05 Ciclos financeiros e privacidade,GET,/api/clientes/<int:cliente_id>/exportar,ciclos.exportar,ClientePrivacidadeService.exportar,tests.test_sprint05_adversarial::test_privacy_failure_rolls_back_all_operational_copies[audit]|tests.test_sprint05_adversarial::test_privacy_failure_rolls_back_all_operational_copies[cache]|tests.test_sprint05_adversarial::test_privacy_failure_rolls_back_all_operational_copies[commit]|tests.test_sprint05_adversarial::test_privacy_failure_rolls_back_all_operational_copies[customer]|tests.test_sprint05_adversarial::test_privacy_failure_rolls_back_all_operational_copies[message]|tests.test_sprint05_cycles::test_consent_export_anonymization_preserves_obligations,tests/test_sprint02_adversarial.py::test_every_api_method_enforces_auth_scope_and_csrf[anonymous]:GET:401|tests/test_sprint02_adversarial.py::test_every_api_method_enforces_auth_scope_and_csrf[wrong_scope]:GET:403|tests/test_sprint02_security.py::test_every_api_requires_auth_except_health_and_disabled_webhook:GET:401|tests/test_sprint05_cycles.py::test_http_tenant_privacy_and_finance_isolation:GET:400|tests/test_sprint05_cycles.py::test_new_permissions_revalidated_in_existing_session[gerenciar_privacidade_cliente-/api/clientes/1/exportar-get]:GET:403,regression/junit.xml|retest/junit.xml|regression/http-route-coverage.json|auditoria-modulos.md|auditoria-ui.md,Static service linkage is not route-level HTTP coverage; see audit and browser evidence. Vinculo estatico de servico; nao comprova cobertura HTTP desta rota
REL-01 Clientes e cashback,GET,/api/clientes/<int:cliente_id>/historico-vendas,cliente.historico_vendas,AcessoEmpresaService.obter_escopo|ClienteService.obter_historico_vendas,tests.test_sprint02_security::test_cross_tenant_foreign_keys_and_company_admin_scope|tests.test_sprint02_security::test_import_quota_partial_rows_updates_and_password_policy[funcionarios-limite_funcionarios-1]|tests.test_sprint02_security::test_import_quota_partial_rows_updates_and_password_policy[produtos-limite_produtos-0]|tests.test_sprint02_security::test_nonadmin_cannot_grant_roles_or_import_staff_even_with_permission,tests/test_sprint02_adversarial.py::test_every_api_method_enforces_auth_scope_and_csrf[anonymous]:GET:401|tests/test_sprint02_adversarial.py::test_every_api_method_enforces_auth_scope_and_csrf[wrong_scope]:GET:403|tests/test_sprint02_adversarial.py::test_foreign_resource_ids_cannot_read_modify_or_delete:GET:400|tests/test_sprint02_security.py::test_every_api_requires_auth_except_health_and_disabled_webhook:GET:401,regression/junit.xml|retest/junit.xml|regression/http-route-coverage.json|auditoria-modulos.md|auditoria-ui.md,Static service linkage is not route-level HTTP coverage; see audit and browser evidence. Vinculo estatico de servico; nao comprova cobertura HTTP desta rota
REL-01 Clientes e cashback,POST,/api/clientes/<int:cliente_id>/mensagens,cliente.enviar_mensagem,AcessoEmpresaService.obter_escopo|ClienteService.enviar_mensagem,tests.test_sprint02_security::test_cross_tenant_foreign_keys_and_company_admin_scope|tests.test_sprint02_security::test_import_quota_partial_rows_updates_and_password_policy[funcionarios-limite_funcionarios-1]|tests.test_sprint02_security::test_import_quota_partial_rows_updates_and_password_policy[produtos-limite_produtos-0]|tests.test_sprint02_security::test_nonadmin_cannot_grant_roles_or_import_staff_even_with_permission,tests/test_sprint02_adversarial.py::test_every_api_method_enforces_auth_scope_and_csrf[anonymous]:POST:401|tests/test_sprint02_adversarial.py::test_every_api_method_enforces_auth_scope_and_csrf[missing_csrf]:POST:401|tests/test_sprint02_adversarial.py::test_every_api_method_enforces_auth_scope_and_csrf[wrong_scope]:POST:403|tests/test_sprint02_security.py::test_every_api_requires_auth_except_health_and_disabled_webhook:POST:401,regression/junit.xml|retest/junit.xml|regression/http-route-coverage.json|auditoria-modulos.md|auditoria-ui.md,Static service linkage is not route-level HTTP coverage; see audit and browser evidence. Vinculo estatico de servico; nao comprova cobertura HTTP desta rota
REL-01 Clientes e cashback,GET,/api/clientes/<int:cliente_id>/mensagens,cliente.listar_mensagens,ClienteService.listar_mensagens,,tests/test_sprint02_adversarial.py::test_every_api_method_enforces_auth_scope_and_csrf[anonymous]:GET:401|tests/test_sprint02_adversarial.py::test_every_api_method_enforces_auth_scope_and_csrf[wrong_scope]:GET:403|tests/test_sprint02_adversarial.py::test_foreign_resource_ids_cannot_read_modify_or_delete:GET:400|tests/test_sprint02_security.py::test_every_api_requires_auth_except_health_and_disabled_webhook:GET:401|tests/test_sprint05_adversarial.py::test_message_history_respects_company_scope_http:GET:200,regression/junit.xml|retest/junit.xml|regression/http-route-coverage.json|auditoria-modulos.md|auditoria-ui.md,Static service linkage is not route-level HTTP coverage; see audit and browser evidence. Vinculo estatico de servico; nao comprova cobertura HTTP desta rota
REL-01 Clientes e cashback,GET,/api/clientes/auxiliares,cliente.auxiliares,AcessoEmpresaService.obter_escopo|ClienteService.listar_auxiliares,tests.test_sprint02_security::test_cross_tenant_foreign_keys_and_company_admin_scope|tests.test_sprint02_security::test_import_quota_partial_rows_updates_and_password_policy[funcionarios-limite_funcionarios-1]|tests.test_sprint02_security::test_import_quota_partial_rows_updates_and_password_policy[produtos-limite_produtos-0]|tests.test_sprint02_security::test_nonadmin_cannot_grant_roles_or_import_staff_even_with_permission,tests/test_sprint02_adversarial.py::test_every_api_method_enforces_auth_scope_and_csrf[anonymous]:GET:401|tests/test_sprint02_adversarial.py::test_every_api_method_enforces_auth_scope_and_csrf[wrong_scope]:GET:403|tests/test_sprint02_security.py::test_every_api_requires_auth_except_health_and_disabled_webhook:GET:401,regression/junit.xml|retest/junit.xml|regression/http-route-coverage.json|auditoria-modulos.md|auditoria-ui.md,Static service linkage is not route-level HTTP coverage; see audit and browser evidence. Vinculo estatico de servico; nao comprova cobertura HTTP desta rota
FIN-REL-05 Ciclos financeiros e privacidade,POST,/api/clientes/cashback/expirar,ciclos.expirar,AcessoEmpresaService.filtrar_empresa_ids|ClientePrivacidadeService.expirar,tests.test_sprint05_adversarial::test_cashback_use_expire_cancel_race|tests.test_sprint05_cycles::test_cashback_expiration_concurrency_and_consumption|tests.test_sprint05_cycles::test_expired_unused_credit_does_not_prevent_sale_cancellation[False]|tests.test_sprint05_cycles::test_expired_unused_credit_does_not_prevent_sale_cancellation[True],tests/test_sprint02_adversarial.py::test_every_api_method_enforces_auth_scope_and_csrf[anonymous]:POST:401|tests/test_sprint02_adversarial.py::test_every_api_method_enforces_auth_scope_and_csrf[missing_csrf]:POST:401|tests/test_sprint02_adversarial.py::test_every_api_method_enforces_auth_scope_and_csrf[wrong_scope]:POST:403|tests/test_sprint02_security.py::test_every_api_requires_auth_except_health_and_disabled_webhook:POST:401|tests/test_sprint05_cycles.py::test_new_mutations_require_csrf[/api/clientes/cashback/expirar]:POST:401,regression/junit.xml|retest/junit.xml|regression/http-route-coverage.json|auditoria-modulos.md|auditoria-ui.md,Static service linkage is not route-level HTTP coverage; see audit and browser evidence. Vinculo estatico de servico; nao comprova cobertura HTTP desta rota
REL-01 Clientes e cashback,GET,/api/clientes/configuracoes,cliente.listar_configuracoes,AcessoEmpresaService.obter_escopo|ClienteService.listar_configuracoes_empresa,tests.test_sprint02_security::test_cross_tenant_foreign_keys_and_company_admin_scope|tests.test_sprint02_security::test_import_quota_partial_rows_updates_and_password_policy[funcionarios-limite_funcionarios-1]|tests.test_sprint02_security::test_import_quota_partial_rows_updates_and_password_policy[produtos-limite_produtos-0]|tests.test_sprint02_security::test_nonadmin_cannot_grant_roles_or_import_staff_even_with_permission,tests/test_sprint02_adversarial.py::test_every_api_method_enforces_auth_scope_and_csrf[anonymous]:GET:401|tests/test_sprint02_adversarial.py::test_every_api_method_enforces_auth_scope_and_csrf[wrong_scope]:GET:403|tests/test_sprint02_security.py::test_every_api_requires_auth_except_health_and_disabled_webhook:GET:401,regression/junit.xml|retest/junit.xml|regression/http-route-coverage.json|auditoria-modulos.md|auditoria-ui.md,Static service linkage is not route-level HTTP coverage; see audit and browser evidence. Vinculo estatico de servico; nao comprova cobertura HTTP desta rota
REL-01 Clientes e cashback,PUT,/api/clientes/configuracoes/<int:empresa_id>,cliente.atualizar_configuracao,AcessoEmpresaService.obter_escopo|ClienteService.atualizar_configuracao_empresa,tests.test_sprint02_security::test_cross_tenant_foreign_keys_and_company_admin_scope|tests.test_sprint02_security::test_import_quota_partial_rows_updates_and_password_policy[funcionarios-limite_funcionarios-1]|tests.test_sprint02_security::test_import_quota_partial_rows_updates_and_password_policy[produtos-limite_produtos-0]|tests.test_sprint02_security::test_nonadmin_cannot_grant_roles_or_import_staff_even_with_permission,tests/test_sprint02_adversarial.py::test_company_configuration_idor_read_write_and_test[2]:PUT:400|tests/test_sprint02_adversarial.py::test_company_configuration_idor_read_write_and_test[3]:PUT:400|tests/test_sprint02_adversarial.py::test_every_api_method_enforces_auth_scope_and_csrf[anonymous]:PUT:401|tests/test_sprint02_adversarial.py::test_every_api_method_enforces_auth_scope_and_csrf[missing_csrf]:PUT:401|tests/test_sprint02_adversarial.py::test_every_api_method_enforces_auth_scope_and_csrf[wrong_scope]:PUT:403|tests/test_sprint02_security.py::test_every_api_requires_auth_except_health_and_disabled_webhook:PUT:401,regression/junit.xml|retest/junit.xml|regression/http-route-coverage.json|auditoria-modulos.md|auditoria-ui.md,Static service linkage is not route-level HTTP coverage; see audit and browser evidence. Vinculo estatico de servico; nao comprova cobertura HTTP desta rota
REL-01 Clientes e cashback,GET,/api/clientes/configuracoes/<int:empresa_id>,cliente.obter_configuracao,AcessoEmpresaService.obter_escopo|ClienteService.obter_configuracao_empresa,tests.test_sprint02_security::test_cross_tenant_foreign_keys_and_company_admin_scope|tests.test_sprint02_security::test_import_quota_partial_rows_updates_and_password_policy[funcionarios-limite_funcionarios-1]|tests.test_sprint02_security::test_import_quota_partial_rows_updates_and_password_policy[produtos-limite_produtos-0]|tests.test_sprint02_security::test_nonadmin_cannot_grant_roles_or_import_staff_even_with_permission,tests/test_sprint02_adversarial.py::test_company_configuration_idor_read_write_and_test[2]:GET:400|tests/test_sprint02_adversarial.py::test_company_configuration_idor_read_write_and_test[3]:GET:400|tests/test_sprint02_adversarial.py::test_every_api_method_enforces_auth_scope_and_csrf[anonymous]:GET:401|tests/test_sprint02_adversarial.py::test_every_api_method_enforces_auth_scope_and_csrf[wrong_scope]:GET:403|tests/test_sprint02_adversarial.py::test_permission_and_company_revocation_apply_to_existing_cookie:GET:200|tests/test_sprint02_adversarial.py::test_permission_and_company_revocation_apply_to_existing_cookie:GET:400|tests/test_sprint02_security.py::test_every_api_requires_auth_except_health_and_disabled_webhook:GET:401,regression/junit.xml|retest/junit.xml|regression/http-route-coverage.json|auditoria-modulos.md|auditoria-ui.md,Static service linkage is not route-level HTTP coverage; see audit and browser evidence. Vinculo estatico de servico; nao comprova cobertura HTTP desta rota
REL-01 Clientes e cashback,POST,/api/clientes/configuracoes/<int:empresa_id>/testar,cliente.testar_configuracao,AcessoEmpresaService.obter_escopo|ClienteService.testar_configuracao_empresa,tests.test_sprint02_security::test_cross_tenant_foreign_keys_and_company_admin_scope|tests.test_sprint02_security::test_import_quota_partial_rows_updates_and_password_policy[funcionarios-limite_funcionarios-1]|tests.test_sprint02_security::test_import_quota_partial_rows_updates_and_password_policy[produtos-limite_produtos-0]|tests.test_sprint02_security::test_nonadmin_cannot_grant_roles_or_import_staff_even_with_permission,tests/test_sprint02_adversarial.py::test_company_configuration_idor_read_write_and_test[2]:POST:400|tests/test_sprint02_adversarial.py::test_company_configuration_idor_read_write_and_test[3]:POST:400|tests/test_sprint02_adversarial.py::test_every_api_method_enforces_auth_scope_and_csrf[anonymous]:POST:401|tests/test_sprint02_adversarial.py::test_every_api_method_enforces_auth_scope_and_csrf[missing_csrf]:POST:401|tests/test_sprint02_adversarial.py::test_every_api_method_enforces_auth_scope_and_csrf[wrong_scope]:POST:403|tests/test_sprint02_security.py::test_every_api_requires_auth_except_health_and_disabled_webhook:POST:401,regression/junit.xml|retest/junit.xml|regression/http-route-coverage.json|auditoria-modulos.md|auditoria-ui.md,Static service linkage is not route-level HTTP coverage; see audit and browser evidence. Vinculo estatico de servico; nao comprova cobertura HTTP desta rota
REL-01 Clientes e cashback,POST,/api/clientes/mensagens/disparo-coletivo,cliente.enviar_mensagem_coletiva,AcessoEmpresaService.obter_escopo|ClienteService.enviar_mensagem_coletiva,tests.test_sprint02_security::test_cross_tenant_foreign_keys_and_company_admin_scope|tests.test_sprint02_security::test_import_quota_partial_rows_updates_and_password_policy[funcionarios-limite_funcionarios-1]|tests.test_sprint02_security::test_import_quota_partial_rows_updates_and_password_policy[produtos-limite_produtos-0]|tests.test_sprint02_security::test_nonadmin_cannot_grant_roles_or_import_staff_even_with_permission,tests/test_sprint02_adversarial.py::test_every_api_method_enforces_auth_scope_and_csrf[anonymous]:POST:401|tests/test_sprint02_adversarial.py::test_every_api_method_enforces_auth_scope_and_csrf[missing_csrf]:POST:401|tests/test_sprint02_adversarial.py::test_every_api_method_enforces_auth_scope_and_csrf[wrong_scope]:POST:403|tests/test_sprint02_security.py::test_every_api_requires_auth_except_health_and_disabled_webhook:POST:401,regression/junit.xml|retest/junit.xml|regression/http-route-coverage.json|auditoria-modulos.md|auditoria-ui.md,Static service linkage is not route-level HTTP coverage; see audit and browser evidence. Vinculo estatico de servico; nao comprova cobertura HTTP desta rota
FIN-REL-05 Ciclos financeiros e privacidade,POST,/api/clientes/mensagens/processar,ciclos.processar,MensagemFilaService.processar,tests.test_sprint05_adversarial::test_partial_batch_transport_never_duplicates_confirmed_or_uncertain|tests.test_sprint05_cycles::test_queue_backoff_exhaustion_and_default_block,tests/test_sprint02_adversarial.py::test_every_api_method_enforces_auth_scope_and_csrf[anonymous]:POST:401|tests/test_sprint02_adversarial.py::test_every_api_method_enforces_auth_scope_and_csrf[missing_csrf]:POST:401|tests/test_sprint02_adversarial.py::test_every_api_method_enforces_auth_scope_and_csrf[wrong_scope]:POST:403|tests/test_sprint02_security.py::test_every_api_requires_auth_except_health_and_disabled_webhook:POST:401|tests/test_sprint05_cycles.py::test_new_mutations_require_csrf[/api/clientes/mensagens/processar]:POST:401|tests/test_sprint05_cycles.py::test_new_permissions_revalidated_in_existing_session[enviar_mensagem_cliente-/api/clientes/mensagens/processar-post]:POST:403,regression/junit.xml|retest/junit.xml|regression/http-route-coverage.json|auditoria-modulos.md|auditoria-ui.md,Static service linkage is not route-level HTTP coverage; see audit and browser evidence. Vinculo estatico de servico; nao comprova cobertura HTTP desta rota
REL-01 Clientes e cashback,GET,/api/clientes/view,cliente.pagina,template/decorator/helper/consulta direta,,tests/test_sprint02_adversarial.py::test_every_api_method_enforces_auth_scope_and_csrf[anonymous]:GET:401|tests/test_sprint02_adversarial.py::test_every_api_method_enforces_auth_scope_and_csrf[wrong_scope]:GET:302|tests/test_sprint02_security.py::test_every_api_requires_auth_except_health_and_disabled_webhook:GET:401,regression/junit.xml|retest/junit.xml|regression/http-route-coverage.json|auditoria-modulos.md|auditoria-ui.md,Static service linkage is not route-level HTTP coverage; see audit and browser evidence. Vinculo estatico de servico; nao comprova cobertura HTTP desta rota
CAD-04 Cupons,POST,/api/cupons/,cupom.criar,CupomService.criar|CupomService.serializar,tests.test_sprint04_operations::test_coupon_rounding_cap_customer_and_historical_usage|tests.test_sprint07_audit::test_coupon_import_and_selection_share_brazil_expiry_date,tests/test_sprint02_adversarial.py::test_every_api_method_enforces_auth_scope_and_csrf[anonymous]:POST:401|tests/test_sprint02_adversarial.py::test_every_api_method_enforces_auth_scope_and_csrf[missing_csrf]:POST:401|tests/test_sprint02_adversarial.py::test_every_api_method_enforces_auth_scope_and_csrf[wrong_scope]:POST:403|tests/test_sprint02_security.py::test_every_api_requires_auth_except_health_and_disabled_webhook:POST:401|tests/test_sprint04_adversarial.py::test_coupon_mutations_require_csrf_and_permission[create]:POST:401|tests/test_sprint04_adversarial.py::test_coupon_mutations_require_csrf_and_permission[create]:POST:403,regression/junit.xml|retest/junit.xml|regression/http-route-coverage.json|auditoria-modulos.md|auditoria-ui.md,Static service linkage is not route-level HTTP coverage; see audit and browser evidence. Vinculo estatico de servico; nao comprova cobertura HTTP desta rota
CAD-04 Cupons,GET,/api/cupons/,cupom.listar,CupomService.listar,,tests/test_sprint02_adversarial.py::test_every_api_method_enforces_auth_scope_and_csrf[anonymous]:GET:401|tests/test_sprint02_adversarial.py::test_every_api_method_enforces_auth_scope_and_csrf[wrong_scope]:GET:403|tests/test_sprint02_security.py::test_every_api_requires_auth_except_health_and_disabled_webhook:GET:401,regression/junit.xml|retest/junit.xml|regression/http-route-coverage.json|auditoria-modulos.md|auditoria-ui.md,Static service linkage is not route-level HTTP coverage; see audit and browser evidence. Vinculo estatico de servico; nao comprova cobertura HTTP desta rota
CAD-04 Cupons,PUT,/api/cupons/<int:cupom_id>,cupom.atualizar,CupomService.atualizar|CupomService.serializar,tests.test_sprint04_operations::test_coupon_rounding_cap_customer_and_historical_usage|tests.test_sprint07_audit::test_coupon_import_and_selection_share_brazil_expiry_date,tests/test_sprint02_adversarial.py::test_every_api_method_enforces_auth_scope_and_csrf[anonymous]:PUT:401|tests/test_sprint02_adversarial.py::test_every_api_method_enforces_auth_scope_and_csrf[missing_csrf]:PUT:401|tests/test_sprint02_adversarial.py::test_every_api_method_enforces_auth_scope_and_csrf[wrong_scope]:PUT:403|tests/test_sprint02_security.py::test_every_api_requires_auth_except_health_and_disabled_webhook:PUT:401|tests/test_sprint04_adversarial.py::test_coupon_mutations_require_csrf_and_permission[edit]:PUT:401|tests/test_sprint04_adversarial.py::test_coupon_mutations_require_csrf_and_permission[edit]:PUT:403,regression/junit.xml|retest/junit.xml|regression/http-route-coverage.json|auditoria-modulos.md|auditoria-ui.md,Static service linkage is not route-level HTTP coverage; see audit and browser evidence. Vinculo estatico de servico; nao comprova cobertura HTTP desta rota
CAD-04 Cupons,DELETE,/api/cupons/<int:cupom_id>,cupom.deletar,CupomService.deletar,tests.test_sprint04_operations::test_coupon_rounding_cap_customer_and_historical_usage,tests/test_sprint02_adversarial.py::test_every_api_method_enforces_auth_scope_and_csrf[anonymous]:DELETE:401|tests/test_sprint02_adversarial.py::test_every_api_method_enforces_auth_scope_and_csrf[missing_csrf]:DELETE:401|tests/test_sprint02_adversarial.py::test_every_api_method_enforces_auth_scope_and_csrf[wrong_scope]:DELETE:403|tests/test_sprint02_security.py::test_every_api_requires_auth_except_health_and_disabled_webhook:DELETE:401|tests/test_sprint04_adversarial.py::test_coupon_mutations_require_csrf_and_permission[delete]:DELETE:401|tests/test_sprint04_adversarial.py::test_coupon_mutations_require_csrf_and_permission[delete]:DELETE:403,regression/junit.xml|retest/junit.xml|regression/http-route-coverage.json|auditoria-modulos.md|auditoria-ui.md,Static service linkage is not route-level HTTP coverage; see audit and browser evidence. Vinculo estatico de servico; nao comprova cobertura HTTP desta rota
CAD-04 Cupons,GET,/api/cupons/view,cupom.pagina,template/decorator/helper/consulta direta,,tests/test_sprint02_adversarial.py::test_every_api_method_enforces_auth_scope_and_csrf[anonymous]:GET:401|tests/test_sprint02_adversarial.py::test_every_api_method_enforces_auth_scope_and_csrf[wrong_scope]:GET:302|tests/test_sprint02_security.py::test_every_api_requires_auth_except_health_and_disabled_webhook:GET:401,regression/junit.xml|retest/junit.xml|regression/http-route-coverage.json|auditoria-modulos.md|auditoria-ui.md,Static service linkage is not route-level HTTP coverage; see audit and browser evidence. Vinculo estatico de servico; nao comprova cobertura HTTP desta rota
EST-01 Estoque e alertas,GET,/api/estoque/,estoque.listar_saldos,AcessoEmpresaService.obter_escopo|EstoqueService.listar_saldos,tests.test_sprint02_security::test_cross_tenant_foreign_keys_and_company_admin_scope|tests.test_sprint02_security::test_import_quota_partial_rows_updates_and_password_policy[funcionarios-limite_funcionarios-1]|tests.test_sprint02_security::test_import_quota_partial_rows_updates_and_password_policy[produtos-limite_produtos-0]|tests.test_sprint02_security::test_nonadmin_cannot_grant_roles_or_import_staff_even_with_permission,tests/test_sprint02_adversarial.py::test_every_api_method_enforces_auth_scope_and_csrf[anonymous]:GET:401|tests/test_sprint02_adversarial.py::test_every_api_method_enforces_auth_scope_and_csrf[wrong_scope]:GET:403|tests/test_sprint02_security.py::test_every_api_requires_auth_except_health_and_disabled_webhook:GET:401,regression/junit.xml|retest/junit.xml|regression/http-route-coverage.json|auditoria-modulos.md|auditoria-ui.md,Static service linkage is not route-level HTTP coverage; see audit and browser evidence. Vinculo estatico de servico; nao comprova cobertura HTTP desta rota
EST-01 Estoque e alertas,GET,/api/estoque/alertas/view,estoque.pagina_alertas,template/decorator/helper/consulta direta,,tests/test_sprint02_adversarial.py::test_every_api_method_enforces_auth_scope_and_csrf[anonymous]:GET:401|tests/test_sprint02_adversarial.py::test_every_api_method_enforces_auth_scope_and_csrf[wrong_scope]:GET:302|tests/test_sprint02_security.py::test_every_api_requires_auth_except_health_and_disabled_webhook:GET:401|tests/test_sprint04_operations.py::test_alert_history_http_scope_csrf_and_whatsapp_disabled:GET:200,regression/junit.xml|retest/junit.xml|regression/http-route-coverage.json|auditoria-modulos.md|auditoria-ui.md,Static service linkage is not route-level HTTP coverage; see audit and browser evidence. Vinculo estatico de servico; nao comprova cobertura HTTP desta rota
EST-01 Estoque e alertas,GET,/api/estoque/auxiliares,estoque.auxiliares,AcessoEmpresaService.obter_escopo|EstoqueService.listar_auxiliares,tests.test_sprint02_security::test_cross_tenant_foreign_keys_and_company_admin_scope|tests.test_sprint02_security::test_import_quota_partial_rows_updates_and_password_policy[funcionarios-limite_funcionarios-1]|tests.test_sprint02_security::test_import_quota_partial_rows_updates_and_password_policy[produtos-limite_produtos-0]|tests.test_sprint02_security::test_nonadmin_cannot_grant_roles_or_import_staff_even_with_permission,tests/test_sprint02_adversarial.py::test_every_api_method_enforces_auth_scope_and_csrf[anonymous]:GET:401|tests/test_sprint02_adversarial.py::test_every_api_method_enforces_auth_scope_and_csrf[wrong_scope]:GET:403|tests/test_sprint02_security.py::test_every_api_requires_auth_except_health_and_disabled_webhook:GET:401,regression/junit.xml|retest/junit.xml|regression/http-route-coverage.json|auditoria-modulos.md|auditoria-ui.md,Static service linkage is not route-level HTTP coverage; see audit and browser evidence. Vinculo estatico de servico; nao comprova cobertura HTTP desta rota
EST-01 Estoque e alertas,GET,/api/estoque/indicadores/produtos-mais-vendidos,estoque.listar_produtos_mais_vendidos,AcessoEmpresaService.obter_escopo|EstoqueService.listar_produtos_mais_vendidos,tests.test_sprint02_security::test_cross_tenant_foreign_keys_and_company_admin_scope|tests.test_sprint02_security::test_import_quota_partial_rows_updates_and_password_policy[funcionarios-limite_funcionarios-1]|tests.test_sprint02_security::test_import_quota_partial_rows_updates_and_password_policy[produtos-limite_produtos-0]|tests.test_sprint02_security::test_nonadmin_cannot_grant_roles_or_import_staff_even_with_permission|tests.test_sprint07_audit::test_partial_returns_reduce_rankings_revenue_cost_and_demand|tests.test_sprint07_audit::test_reports_cash_closure_and_series_use_same_brazil_day|tests.test_sprint07_audit::test_returned_item_disappears_from_rankings_while_sale_remains_active|tests.test_sprint07_audit::test_stock_default_period_uses_brazil_today[mes]|tests.test_sprint07_audit::test_stock_default_period_uses_brazil_today[periodo]|tests.test_sprint07_audit::test_stock_default_period_uses_brazil_today[semana],tests/test_sprint02_adversarial.py::test_every_api_method_enforces_auth_scope_and_csrf[anonymous]:GET:401|tests/test_sprint02_adversarial.py::test_every_api_method_enforces_auth_scope_and_csrf[wrong_scope]:GET:403|tests/test_sprint02_security.py::test_every_api_requires_auth_except_health_and_disabled_webhook:GET:401,regression/junit.xml|retest/junit.xml|regression/http-route-coverage.json|auditoria-modulos.md|auditoria-ui.md,Static service linkage is not route-level HTTP coverage; see audit and browser evidence. Vinculo estatico de servico; nao comprova cobertura HTTP desta rota
EST-01 Estoque e alertas,GET,/api/estoque/indicadores/view,estoque.pagina_indicadores,template/decorator/helper/consulta direta,,tests/test_sprint02_adversarial.py::test_every_api_method_enforces_auth_scope_and_csrf[anonymous]:GET:401|tests/test_sprint02_adversarial.py::test_every_api_method_enforces_auth_scope_and_csrf[wrong_scope]:GET:302|tests/test_sprint02_security.py::test_every_api_requires_auth_except_health_and_disabled_webhook:GET:401,regression/junit.xml|retest/junit.xml|regression/http-route-coverage.json|auditoria-modulos.md|auditoria-ui.md,Static service linkage is not route-level HTTP coverage; see audit and browser evidence. Vinculo estatico de servico; nao comprova cobertura HTTP desta rota
EST-01 Estoque e alertas,GET,/api/estoque/movimentos,estoque.listar_movimentos,AcessoEmpresaService.obter_escopo|EstoqueService.listar_movimentos,tests.test_sprint02_security::test_cross_tenant_foreign_keys_and_company_admin_scope|tests.test_sprint02_security::test_import_quota_partial_rows_updates_and_password_policy[funcionarios-limite_funcionarios-1]|tests.test_sprint02_security::test_import_quota_partial_rows_updates_and_password_policy[produtos-limite_produtos-0]|tests.test_sprint02_security::test_nonadmin_cannot_grant_roles_or_import_staff_even_with_permission,tests/test_sprint02_adversarial.py::test_every_api_method_enforces_auth_scope_and_csrf[anonymous]:GET:401|tests/test_sprint02_adversarial.py::test_every_api_method_enforces_auth_scope_and_csrf[wrong_scope]:GET:403|tests/test_sprint02_security.py::test_every_api_requires_auth_except_health_and_disabled_webhook:GET:401|tests/test_sprint06_load_adversarial.py::test_critical_list_query_count_does_not_grow_per_sale:GET:200,regression/junit.xml|retest/junit.xml|regression/http-route-coverage.json|auditoria-modulos.md|auditoria-ui.md,Static service linkage is not route-level HTTP coverage; see audit and browser evidence. Vinculo estatico de servico; nao comprova cobertura HTTP desta rota
EST-01 Estoque e alertas,POST,/api/estoque/movimentos/<int:movimento_id>/cancelar,estoque.cancelar_movimento,AcessoEmpresaService.obter_escopo|EstoqueService.cancelar_movimento,tests.test_sprint02_security::test_cross_tenant_foreign_keys_and_company_admin_scope|tests.test_sprint02_security::test_import_quota_partial_rows_updates_and_password_policy[funcionarios-limite_funcionarios-1]|tests.test_sprint02_security::test_import_quota_partial_rows_updates_and_password_policy[produtos-limite_produtos-0]|tests.test_sprint02_security::test_nonadmin_cannot_grant_roles_or_import_staff_even_with_permission|tests.test_sprint03_transactions::test_manual_cancellation_concurrent_replay,tests/test_sprint02_adversarial.py::test_every_api_method_enforces_auth_scope_and_csrf[anonymous]:POST:401|tests/test_sprint02_adversarial.py::test_every_api_method_enforces_auth_scope_and_csrf[missing_csrf]:POST:401|tests/test_sprint02_adversarial.py::test_every_api_method_enforces_auth_scope_and_csrf[wrong_scope]:POST:403|tests/test_sprint02_security.py::test_every_api_requires_auth_except_health_and_disabled_webhook:POST:401,regression/junit.xml|retest/junit.xml|regression/http-route-coverage.json|auditoria-modulos.md|auditoria-ui.md,Static service linkage is not route-level HTTP coverage; see audit and browser evidence. Vinculo estatico de servico; nao comprova cobertura HTTP desta rota
EST-01 Estoque e alertas,POST,/api/estoque/movimentos/manual,estoque.criar_movimento_manual,AcessoEmpresaService.obter_escopo|EstoqueService.registrar_movimentacao_manual,tests.test_sprint02_security::test_cross_tenant_foreign_keys_and_company_admin_scope|tests.test_sprint02_security::test_import_quota_partial_rows_updates_and_password_policy[funcionarios-limite_funcionarios-1]|tests.test_sprint02_security::test_import_quota_partial_rows_updates_and_password_policy[produtos-limite_produtos-0]|tests.test_sprint02_security::test_nonadmin_cannot_grant_roles_or_import_staff_even_with_permission|tests.test_sprint03_transactions::test_concurrent_stock_exhaustion_has_one_winner|tests.test_sprint03_transactions::test_manual_cancellation_concurrent_replay,tests/test_sprint02_adversarial.py::test_every_api_method_enforces_auth_scope_and_csrf[anonymous]:POST:401|tests/test_sprint02_adversarial.py::test_every_api_method_enforces_auth_scope_and_csrf[missing_csrf]:POST:401|tests/test_sprint02_adversarial.py::test_every_api_method_enforces_auth_scope_and_csrf[wrong_scope]:POST:403|tests/test_sprint02_security.py::test_every_api_requires_auth_except_health_and_disabled_webhook:POST:401|tests/test_sprint07_audit.py::test_http_identifiers_never_select_a_different_record[1.5-stock]:POST:400|tests/test_sprint07_audit.py::test_http_identifiers_never_select_a_different_record[True-stock]:POST:400|tests/test_sprint07_audit.py::test_string_identifiers_preserve_valid_employee_product_and_stock_flow:POST:201,regression/junit.xml|retest/junit.xml|regression/http-route-coverage.json|auditoria-modulos.md|auditoria-ui.md,Static service linkage is not route-level HTTP coverage; see audit and browser evidence. Vinculo estatico de servico; nao comprova cobertura HTTP desta rota
EST-01 Estoque e alertas,GET,/api/estoque/notificacoes,estoque.listar_notificacoes,AcessoEmpresaService.obter_escopo|EstoqueService.listar_notificacoes,tests.test_sprint02_security::test_cross_tenant_foreign_keys_and_company_admin_scope|tests.test_sprint02_security::test_import_quota_partial_rows_updates_and_password_policy[funcionarios-limite_funcionarios-1]|tests.test_sprint02_security::test_import_quota_partial_rows_updates_and_password_policy[produtos-limite_produtos-0]|tests.test_sprint02_security::test_nonadmin_cannot_grant_roles_or_import_staff_even_with_permission|tests.test_sprint04_adversarial::test_daily_summary_counts_beyond_visual_limit_and_rolls_over_day|tests.test_sprint04_operations::test_expiry_alert_boundaries_use_brazil_calendar[-1-1-0]|tests.test_sprint04_operations::test_expiry_alert_boundaries_use_brazil_calendar[0-0-1]|tests.test_sprint04_operations::test_expiry_alert_boundaries_use_brazil_calendar[30-0-1]|tests.test_sprint04_operations::test_expiry_alert_boundaries_use_brazil_calendar[31-0-0],tests/test_sprint02_adversarial.py::test_every_api_method_enforces_auth_scope_and_csrf[anonymous]:GET:401|tests/test_sprint02_adversarial.py::test_every_api_method_enforces_auth_scope_and_csrf[wrong_scope]:GET:403|tests/test_sprint02_security.py::test_every_api_requires_auth_except_health_and_disabled_webhook:GET:401,regression/junit.xml|retest/junit.xml|regression/http-route-coverage.json|auditoria-modulos.md|auditoria-ui.md,Static service linkage is not route-level HTTP coverage; see audit and browser evidence. Vinculo estatico de servico; nao comprova cobertura HTTP desta rota
EST-01 Estoque e alertas,POST,/api/estoque/notificacoes/<int:entrega_id>/retentar,estoque.retentar_alerta,AcessoEmpresaService.obter_escopo|AlertaService.retentar,tests.test_sprint02_security::test_cross_tenant_foreign_keys_and_company_admin_scope|tests.test_sprint02_security::test_import_quota_partial_rows_updates_and_password_policy[funcionarios-limite_funcionarios-1]|tests.test_sprint02_security::test_import_quota_partial_rows_updates_and_password_policy[produtos-limite_produtos-0]|tests.test_sprint02_security::test_nonadmin_cannot_grant_roles_or_import_staff_even_with_permission|tests.test_sprint04_adversarial::test_pretransport_security_rejection_is_retryable[allowlist]|tests.test_sprint04_adversarial::test_pretransport_security_rejection_is_retryable[tls]|tests.test_sprint04_operations::test_alert_partial_recipient_failure_only_retries_failed_delivery|tests.test_sprint04_operations::test_alert_transport_timeout_is_uncertain_and_not_resent|tests.test_sprint04_operations::test_simultaneous_retries_send_each_delivery_once,tests/test_sprint02_adversarial.py::test_every_api_method_enforces_auth_scope_and_csrf[anonymous]:POST:401|tests/test_sprint02_adversarial.py::test_every_api_method_enforces_auth_scope_and_csrf[missing_csrf]:POST:401|tests/test_sprint02_adversarial.py::test_every_api_method_enforces_auth_scope_and_csrf[wrong_scope]:POST:403|tests/test_sprint02_security.py::test_every_api_requires_auth_except_health_and_disabled_webhook:POST:401|tests/test_sprint04_adversarial.py::test_alert_retry_enforces_live_company_and_permission[gerenciar_alerta_estoque]:POST:403|tests/test_sprint04_adversarial.py::test_alert_retry_enforces_live_company_and_permission[visualizar_todas_empresas]:POST:400,regression/junit.xml|retest/junit.xml|regression/http-route-coverage.json|auditoria-modulos.md|auditoria-ui.md,Static service linkage is not route-level HTTP coverage; see audit and browser evidence. Vinculo estatico de servico; nao comprova cobertura HTTP desta rota
EST-01 Estoque e alertas,PUT,/api/estoque/notificacoes/configuracao,estoque.atualizar_configuracao_alerta,AcessoEmpresaService.obter_escopo|EstoqueService.atualizar_configuracao_alerta,tests.test_sprint02_security::test_cross_tenant_foreign_keys_and_company_admin_scope|tests.test_sprint02_security::test_import_quota_partial_rows_updates_and_password_policy[funcionarios-limite_funcionarios-1]|tests.test_sprint02_security::test_import_quota_partial_rows_updates_and_password_policy[produtos-limite_produtos-0]|tests.test_sprint02_security::test_nonadmin_cannot_grant_roles_or_import_staff_even_with_permission,tests/test_sprint02_adversarial.py::test_every_api_method_enforces_auth_scope_and_csrf[anonymous]:PUT:401|tests/test_sprint02_adversarial.py::test_every_api_method_enforces_auth_scope_and_csrf[missing_csrf]:PUT:401|tests/test_sprint02_adversarial.py::test_every_api_method_enforces_auth_scope_and_csrf[wrong_scope]:PUT:403|tests/test_sprint02_security.py::test_every_api_requires_auth_except_health_and_disabled_webhook:PUT:401|tests/test_sprint04_operations.py::test_alert_history_http_scope_csrf_and_whatsapp_disabled:PUT:400,regression/junit.xml|retest/junit.xml|regression/http-route-coverage.json|auditoria-modulos.md|auditoria-ui.md,Static service linkage is not route-level HTTP coverage; see audit and browser evidence. Vinculo estatico de servico; nao comprova cobertura HTTP desta rota
EST-01 Estoque e alertas,GET,/api/estoque/notificacoes/configuracao,estoque.obter_configuracao_alerta,AcessoEmpresaService.obter_escopo|EstoqueService.obter_configuracao_alerta,tests.test_sprint02_security::test_cross_tenant_foreign_keys_and_company_admin_scope|tests.test_sprint02_security::test_import_quota_partial_rows_updates_and_password_policy[funcionarios-limite_funcionarios-1]|tests.test_sprint02_security::test_import_quota_partial_rows_updates_and_password_policy[produtos-limite_produtos-0]|tests.test_sprint02_security::test_nonadmin_cannot_grant_roles_or_import_staff_even_with_permission,tests/test_sprint02_adversarial.py::test_every_api_method_enforces_auth_scope_and_csrf[anonymous]:GET:401|tests/test_sprint02_adversarial.py::test_every_api_method_enforces_auth_scope_and_csrf[wrong_scope]:GET:403|tests/test_sprint02_security.py::test_every_api_requires_auth_except_health_and_disabled_webhook:GET:401,regression/junit.xml|retest/junit.xml|regression/http-route-coverage.json|auditoria-modulos.md|auditoria-ui.md,Static service linkage is not route-level HTTP coverage; see audit and browser evidence. Vinculo estatico de servico; nao comprova cobertura HTTP desta rota
EST-01 Estoque e alertas,GET,/api/estoque/notificacoes/historico,estoque.historico_alertas,AcessoEmpresaService.obter_escopo|AlertaService.historico,tests.test_sprint02_security::test_cross_tenant_foreign_keys_and_company_admin_scope|tests.test_sprint02_security::test_import_quota_partial_rows_updates_and_password_policy[funcionarios-limite_funcionarios-1]|tests.test_sprint02_security::test_import_quota_partial_rows_updates_and_password_policy[produtos-limite_produtos-0]|tests.test_sprint02_security::test_nonadmin_cannot_grant_roles_or_import_staff_even_with_permission,tests/test_sprint02_adversarial.py::test_every_api_method_enforces_auth_scope_and_csrf[anonymous]:GET:401|tests/test_sprint02_adversarial.py::test_every_api_method_enforces_auth_scope_and_csrf[wrong_scope]:GET:403|tests/test_sprint02_security.py::test_every_api_requires_auth_except_health_and_disabled_webhook:GET:401|tests/test_sprint04_operations.py::test_alert_history_http_scope_csrf_and_whatsapp_disabled:GET:400,regression/junit.xml|retest/junit.xml|regression/http-route-coverage.json|auditoria-modulos.md|auditoria-ui.md,Static service linkage is not route-level HTTP coverage; see audit and browser evidence. Vinculo estatico de servico; nao comprova cobertura HTTP desta rota
EST-01 Estoque e alertas,GET,/api/estoque/notificacoes/popup,estoque.popup_notificacoes,AcessoEmpresaService.obter_escopo|EstoqueService.obter_popup_alertas,tests.test_sprint02_security::test_cross_tenant_foreign_keys_and_company_admin_scope|tests.test_sprint02_security::test_import_quota_partial_rows_updates_and_password_policy[funcionarios-limite_funcionarios-1]|tests.test_sprint02_security::test_import_quota_partial_rows_updates_and_password_policy[produtos-limite_produtos-0]|tests.test_sprint02_security::test_nonadmin_cannot_grant_roles_or_import_staff_even_with_permission,tests/test_sprint02_adversarial.py::test_every_api_method_enforces_auth_scope_and_csrf[anonymous]:GET:401|tests/test_sprint02_adversarial.py::test_every_api_method_enforces_auth_scope_and_csrf[wrong_scope]:GET:403|tests/test_sprint02_security.py::test_every_api_requires_auth_except_health_and_disabled_webhook:GET:401,regression/junit.xml|retest/junit.xml|regression/http-route-coverage.json|auditoria-modulos.md|auditoria-ui.md,Static service linkage is not route-level HTTP coverage; see audit and browser evidence. Vinculo estatico de servico; nao comprova cobertura HTTP desta rota
EST-01 Estoque e alertas,POST,/api/estoque/notificacoes/processar,estoque.processar_alertas,AcessoEmpresaService.obter_escopo|AlertaService.rotina,tests.test_sprint02_security::test_cross_tenant_foreign_keys_and_company_admin_scope|tests.test_sprint02_security::test_import_quota_partial_rows_updates_and_password_policy[funcionarios-limite_funcionarios-1]|tests.test_sprint02_security::test_import_quota_partial_rows_updates_and_password_policy[produtos-limite_produtos-0]|tests.test_sprint02_security::test_nonadmin_cannot_grant_roles_or_import_staff_even_with_permission|tests.test_sprint04_adversarial::test_daily_summary_counts_beyond_visual_limit_and_rolls_over_day|tests.test_sprint04_operations::test_alerts_concurrent_queue_no_duplicate_recipients_or_daily_summary,tests/test_sprint02_adversarial.py::test_every_api_method_enforces_auth_scope_and_csrf[anonymous]:POST:401|tests/test_sprint02_adversarial.py::test_every_api_method_enforces_auth_scope_and_csrf[missing_csrf]:POST:401|tests/test_sprint02_adversarial.py::test_every_api_method_enforces_auth_scope_and_csrf[wrong_scope]:POST:403|tests/test_sprint02_security.py::test_every_api_requires_auth_except_health_and_disabled_webhook:POST:401|tests/test_sprint04_operations.py::test_alert_history_http_scope_csrf_and_whatsapp_disabled:POST:401,regression/junit.xml|retest/junit.xml|regression/http-route-coverage.json|auditoria-modulos.md|auditoria-ui.md,Static service linkage is not route-level HTTP coverage; see audit and browser evidence. Vinculo estatico de servico; nao comprova cobertura HTTP desta rota
EST-01 Estoque e alertas,GET,/api/estoque/view,estoque.pagina,template/decorator/helper/consulta direta,,tests/test_sprint02_adversarial.py::test_every_api_method_enforces_auth_scope_and_csrf[anonymous]:GET:401|tests/test_sprint02_adversarial.py::test_every_api_method_enforces_auth_scope_and_csrf[wrong_scope]:GET:302|tests/test_sprint02_security.py::test_every_api_requires_auth_except_health_and_disabled_webhook:GET:401,regression/junit.xml|retest/junit.xml|regression/http-route-coverage.json|auditoria-modulos.md|auditoria-ui.md,Static service linkage is not route-level HTTP coverage; see audit and browser evidence. Vinculo estatico de servico; nao comprova cobertura HTTP desta rota
FIN-02 Lancamentos e fechamento,GET,/api/financeiro/auxiliares,financeiro.auxiliares,AcessoEmpresaService.obter_escopo|FinanceiroService.listar_auxiliares,tests.test_sprint02_security::test_cross_tenant_foreign_keys_and_company_admin_scope|tests.test_sprint02_security::test_import_quota_partial_rows_updates_and_password_policy[funcionarios-limite_funcionarios-1]|tests.test_sprint02_security::test_import_quota_partial_rows_updates_and_password_policy[produtos-limite_produtos-0]|tests.test_sprint02_security::test_nonadmin_cannot_grant_roles_or_import_staff_even_with_permission|tests.test_sprint07_audit::test_operational_lookup_preserves_imported_deactivation[categorias_financeiras-CategoriaFinanceira-row1]|tests.test_sprint07_audit::test_operational_lookup_preserves_imported_deactivation[formas_pagamento-FormaPagamento-row0],tests/test_sprint02_adversarial.py::test_every_api_method_enforces_auth_scope_and_csrf[anonymous]:GET:401|tests/test_sprint02_adversarial.py::test_every_api_method_enforces_auth_scope_and_csrf[wrong_scope]:GET:403|tests/test_sprint02_security.py::test_every_api_requires_auth_except_health_and_disabled_webhook:GET:401,regression/junit.xml|retest/junit.xml|regression/http-route-coverage.json|auditoria-modulos.md|auditoria-ui.md,Static service linkage is not route-level HTTP coverage; see audit and browser evidence. Vinculo estatico de servico; nao comprova cobertura HTTP desta rota
FORA-01 Bancario,POST,/api/financeiro/boletos,boleto.criar_boleto,AcessoEmpresaService.obter_escopo|BoletoService.criar_boleto,tests.test_sprint02_security::test_cross_tenant_foreign_keys_and_company_admin_scope|tests.test_sprint02_security::test_import_quota_partial_rows_updates_and_password_policy[funcionarios-limite_funcionarios-1]|tests.test_sprint02_security::test_import_quota_partial_rows_updates_and_password_policy[produtos-limite_produtos-0]|tests.test_sprint02_security::test_nonadmin_cannot_grant_roles_or_import_staff_even_with_permission,tests/test_sprint02_adversarial.py::test_every_api_method_enforces_auth_scope_and_csrf[anonymous]:POST:401|tests/test_sprint02_adversarial.py::test_every_api_method_enforces_auth_scope_and_csrf[missing_csrf]:POST:401|tests/test_sprint02_adversarial.py::test_every_api_method_enforces_auth_scope_and_csrf[wrong_scope]:POST:403|tests/test_sprint02_security.py::test_every_api_requires_auth_except_health_and_disabled_webhook:POST:401,regression/junit.xml|retest/junit.xml|regression/http-route-coverage.json|auditoria-modulos.md|auditoria-ui.md,Static service linkage is not route-level HTTP coverage; see audit and browser evidence. Fora do escopo funcional; testes existentes preservados
FORA-01 Bancario,GET,/api/financeiro/boletos,boleto.listar_boletos,AcessoEmpresaService.obter_escopo|BoletoService.listar_boletos,tests.test_sprint02_security::test_cross_tenant_foreign_keys_and_company_admin_scope|tests.test_sprint02_security::test_import_quota_partial_rows_updates_and_password_policy[funcionarios-limite_funcionarios-1]|tests.test_sprint02_security::test_import_quota_partial_rows_updates_and_password_policy[produtos-limite_produtos-0]|tests.test_sprint02_security::test_nonadmin_cannot_grant_roles_or_import_staff_even_with_permission,tests/test_sprint02_adversarial.py::test_every_api_method_enforces_auth_scope_and_csrf[anonymous]:GET:401|tests/test_sprint02_adversarial.py::test_every_api_method_enforces_auth_scope_and_csrf[wrong_scope]:GET:403|tests/test_sprint02_security.py::test_every_api_requires_auth_except_health_and_disabled_webhook:GET:401,regression/junit.xml|retest/junit.xml|regression/http-route-coverage.json|auditoria-modulos.md|auditoria-ui.md,Static service linkage is not route-level HTTP coverage; see audit and browser evidence. Fora do escopo funcional; testes existentes preservados
FORA-01 Bancario,GET,/api/financeiro/boletos/<int:boleto_id>,boleto.buscar_boleto,AcessoEmpresaService.obter_escopo|BoletoService.buscar_boleto,tests.test_sprint02_security::test_cross_tenant_foreign_keys_and_company_admin_scope|tests.test_sprint02_security::test_import_quota_partial_rows_updates_and_password_policy[funcionarios-limite_funcionarios-1]|tests.test_sprint02_security::test_import_quota_partial_rows_updates_and_password_policy[produtos-limite_produtos-0]|tests.test_sprint02_security::test_nonadmin_cannot_grant_roles_or_import_staff_even_with_permission,tests/test_sprint02_adversarial.py::test_every_api_method_enforces_auth_scope_and_csrf[anonymous]:GET:401|tests/test_sprint02_adversarial.py::test_every_api_method_enforces_auth_scope_and_csrf[wrong_scope]:GET:403|tests/test_sprint02_security.py::test_every_api_requires_auth_except_health_and_disabled_webhook:GET:401,regression/junit.xml|retest/junit.xml|regression/http-route-coverage.json|auditoria-modulos.md|auditoria-ui.md,Static service linkage is not route-level HTTP coverage; see audit and browser evidence. Fora do escopo funcional; testes existentes preservados
FORA-01 Bancario,POST,/api/financeiro/boletos/<int:boleto_id>/baixar,boleto.baixar_boleto,AcessoEmpresaService.obter_escopo|BoletoService.baixar_boleto,tests.test_sprint02_security::test_cross_tenant_foreign_keys_and_company_admin_scope|tests.test_sprint02_security::test_import_quota_partial_rows_updates_and_password_policy[funcionarios-limite_funcionarios-1]|tests.test_sprint02_security::test_import_quota_partial_rows_updates_and_password_policy[produtos-limite_produtos-0]|tests.test_sprint02_security::test_nonadmin_cannot_grant_roles_or_import_staff_even_with_permission,tests/test_sprint02_adversarial.py::test_every_api_method_enforces_auth_scope_and_csrf[anonymous]:POST:401|tests/test_sprint02_adversarial.py::test_every_api_method_enforces_auth_scope_and_csrf[missing_csrf]:POST:401|tests/test_sprint02_adversarial.py::test_every_api_method_enforces_auth_scope_and_csrf[wrong_scope]:POST:403|tests/test_sprint02_security.py::test_every_api_requires_auth_except_health_and_disabled_webhook:POST:401,regression/junit.xml|retest/junit.xml|regression/http-route-coverage.json|auditoria-modulos.md|auditoria-ui.md,Static service linkage is not route-level HTTP coverage; see audit and browser evidence. Fora do escopo funcional; testes existentes preservados
FORA-01 Bancario,POST,/api/financeiro/boletos/<int:boleto_id>/consultar-status,boleto.consultar_status_boleto,AcessoEmpresaService.obter_escopo|BoletoService.consultar_status_bancario,tests.test_sprint02_security::test_cross_tenant_foreign_keys_and_company_admin_scope|tests.test_sprint02_security::test_import_quota_partial_rows_updates_and_password_policy[funcionarios-limite_funcionarios-1]|tests.test_sprint02_security::test_import_quota_partial_rows_updates_and_password_policy[produtos-limite_produtos-0]|tests.test_sprint02_security::test_nonadmin_cannot_grant_roles_or_import_staff_even_with_permission,tests/test_sprint02_adversarial.py::test_every_api_method_enforces_auth_scope_and_csrf[anonymous]:POST:401|tests/test_sprint02_adversarial.py::test_every_api_method_enforces_auth_scope_and_csrf[missing_csrf]:POST:401|tests/test_sprint02_adversarial.py::test_every_api_method_enforces_auth_scope_and_csrf[wrong_scope]:POST:403|tests/test_sprint02_security.py::test_every_api_requires_auth_except_health_and_disabled_webhook:POST:401,regression/junit.xml|retest/junit.xml|regression/http-route-coverage.json|auditoria-modulos.md|auditoria-ui.md,Static service linkage is not route-level HTTP coverage; see audit and browser evidence. Fora do escopo funcional; testes existentes preservados
FORA-01 Bancario,POST,/api/financeiro/boletos/<int:boleto_id>/recalcular-juros,boleto.recalcular_juros,AcessoEmpresaService.obter_escopo|BoletoService.recalcular_juros_multa,tests.test_boleto_service::test_recalcular_juros_multa_nao_reaplica_total_de_forma_cumulativa|tests.test_sprint02_security::test_cross_tenant_foreign_keys_and_company_admin_scope|tests.test_sprint02_security::test_import_quota_partial_rows_updates_and_password_policy[funcionarios-limite_funcionarios-1]|tests.test_sprint02_security::test_import_quota_partial_rows_updates_and_password_policy[produtos-limite_produtos-0]|tests.test_sprint02_security::test_nonadmin_cannot_grant_roles_or_import_staff_even_with_permission,tests/test_sprint02_adversarial.py::test_every_api_method_enforces_auth_scope_and_csrf[anonymous]:POST:401|tests/test_sprint02_adversarial.py::test_every_api_method_enforces_auth_scope_and_csrf[missing_csrf]:POST:401|tests/test_sprint02_adversarial.py::test_every_api_method_enforces_auth_scope_and_csrf[wrong_scope]:POST:403|tests/test_sprint02_security.py::test_every_api_requires_auth_except_health_and_disabled_webhook:POST:401,regression/junit.xml|retest/junit.xml|regression/http-route-coverage.json|auditoria-modulos.md|auditoria-ui.md,Static service linkage is not route-level HTTP coverage; see audit and browser evidence. Fora do escopo funcional; testes existentes preservados
FORA-01 Bancario,POST,/api/financeiro/boletos/<int:boleto_id>/registrar,boleto.registrar_boleto,AcessoEmpresaService.obter_escopo|BoletoService.registrar_boleto,tests.test_boleto_service::test_registrar_boleto_atualiza_status_bancario_e_preserva_status_interno|tests.test_sprint02_security::test_cross_tenant_foreign_keys_and_company_admin_scope|tests.test_sprint02_security::test_import_quota_partial_rows_updates_and_password_policy[funcionarios-limite_funcionarios-1]|tests.test_sprint02_security::test_import_quota_partial_rows_updates_and_password_policy[produtos-limite_produtos-0]|tests.test_sprint02_security::test_nonadmin_cannot_grant_roles_or_import_staff_even_with_permission,tests/test_sprint02_adversarial.py::test_every_api_method_enforces_auth_scope_and_csrf[anonymous]:POST:401|tests/test_sprint02_adversarial.py::test_every_api_method_enforces_auth_scope_and_csrf[missing_csrf]:POST:401|tests/test_sprint02_adversarial.py::test_every_api_method_enforces_auth_scope_and_csrf[wrong_scope]:POST:403|tests/test_sprint02_security.py::test_every_api_requires_auth_except_health_and_disabled_webhook:POST:401,regression/junit.xml|retest/junit.xml|regression/http-route-coverage.json|auditoria-modulos.md|auditoria-ui.md,Static service linkage is not route-level HTTP coverage; see audit and browser evidence. Fora do escopo funcional; testes existentes preservados
FORA-01 Bancario,POST,/api/financeiro/boletos/<int:boleto_id>/retorno,boleto.processar_retorno_boleto,AcessoEmpresaService.obter_escopo|BoletoService.processar_retorno_bancario,tests.test_sprint02_security::test_cross_tenant_foreign_keys_and_company_admin_scope|tests.test_sprint02_security::test_import_quota_partial_rows_updates_and_password_policy[funcionarios-limite_funcionarios-1]|tests.test_sprint02_security::test_import_quota_partial_rows_updates_and_password_policy[produtos-limite_produtos-0]|tests.test_sprint02_security::test_nonadmin_cannot_grant_roles_or_import_staff_even_with_permission,tests/test_sprint02_adversarial.py::test_every_api_method_enforces_auth_scope_and_csrf[anonymous]:POST:401|tests/test_sprint02_adversarial.py::test_every_api_method_enforces_auth_scope_and_csrf[missing_csrf]:POST:401|tests/test_sprint02_adversarial.py::test_every_api_method_enforces_auth_scope_and_csrf[wrong_scope]:POST:403|tests/test_sprint02_security.py::test_every_api_requires_auth_except_health_and_disabled_webhook:POST:401,regression/junit.xml|retest/junit.xml|regression/http-route-coverage.json|auditoria-modulos.md|auditoria-ui.md,Static service linkage is not route-level HTTP coverage; see audit and browser evidence. Fora do escopo funcional; testes existentes preservados
FORA-01 Bancario,POST,/api/financeiro/boletos/bancos-emissores,boleto.criar_banco_emissor,AcessoEmpresaService.obter_escopo|BancoEmissorService.criar_banco_emissor,tests.test_sprint02_security::test_cross_tenant_foreign_keys_and_company_admin_scope|tests.test_sprint02_security::test_import_quota_partial_rows_updates_and_password_policy[funcionarios-limite_funcionarios-1]|tests.test_sprint02_security::test_import_quota_partial_rows_updates_and_password_policy[produtos-limite_produtos-0]|tests.test_sprint02_security::test_nonadmin_cannot_grant_roles_or_import_staff_even_with_permission,tests/test_sprint02_adversarial.py::test_every_api_method_enforces_auth_scope_and_csrf[anonymous]:POST:401|tests/test_sprint02_adversarial.py::test_every_api_method_enforces_auth_scope_and_csrf[missing_csrf]:POST:401|tests/test_sprint02_adversarial.py::test_every_api_method_enforces_auth_scope_and_csrf[wrong_scope]:POST:403|tests/test_sprint02_security.py::test_every_api_requires_auth_except_health_and_disabled_webhook:POST:401,regression/junit.xml|retest/junit.xml|regression/http-route-coverage.json|auditoria-modulos.md|auditoria-ui.md,Static service linkage is not route-level HTTP coverage; see audit and browser evidence. Fora do escopo funcional; testes existentes preservados
FORA-01 Bancario,GET,/api/financeiro/boletos/bancos-emissores,boleto.listar_bancos_emissores,AcessoEmpresaService.obter_escopo|BoletoService.listar_bancos_emissores,tests.test_sprint02_security::test_cross_tenant_foreign_keys_and_company_admin_scope|tests.test_sprint02_security::test_import_quota_partial_rows_updates_and_password_policy[funcionarios-limite_funcionarios-1]|tests.test_sprint02_security::test_import_quota_partial_rows_updates_and_password_policy[produtos-limite_produtos-0]|tests.test_sprint02_security::test_nonadmin_cannot_grant_roles_or_import_staff_even_with_permission,tests/test_sprint02_adversarial.py::test_every_api_method_enforces_auth_scope_and_csrf[anonymous]:GET:401|tests/test_sprint02_adversarial.py::test_every_api_method_enforces_auth_scope_and_csrf[wrong_scope]:GET:403|tests/test_sprint02_security.py::test_every_api_requires_auth_except_health_and_disabled_webhook:GET:401,regression/junit.xml|retest/junit.xml|regression/http-route-coverage.json|auditoria-modulos.md|auditoria-ui.md,Static service linkage is not route-level HTTP coverage; see audit and browser evidence. Fora do escopo funcional; testes existentes preservados
FORA-01 Bancario,GET,/api/financeiro/boletos/configuracao-asaas,boleto.obter_configuracao_asaas,AcessoEmpresaService.obter_escopo|BoletoService.obter_configuracao_asaas,tests.test_sprint02_security::test_cross_tenant_foreign_keys_and_company_admin_scope|tests.test_sprint02_security::test_import_quota_partial_rows_updates_and_password_policy[funcionarios-limite_funcionarios-1]|tests.test_sprint02_security::test_import_quota_partial_rows_updates_and_password_policy[produtos-limite_produtos-0]|tests.test_sprint02_security::test_nonadmin_cannot_grant_roles_or_import_staff_even_with_permission,tests/test_sprint02_adversarial.py::test_every_api_method_enforces_auth_scope_and_csrf[anonymous]:GET:401|tests/test_sprint02_adversarial.py::test_every_api_method_enforces_auth_scope_and_csrf[wrong_scope]:GET:403|tests/test_sprint02_security.py::test_every_api_requires_auth_except_health_and_disabled_webhook:GET:401,regression/junit.xml|retest/junit.xml|regression/http-route-coverage.json|auditoria-modulos.md|auditoria-ui.md,Static service linkage is not route-level HTTP coverage; see audit and browser evidence. Fora do escopo funcional; testes existentes preservados
FORA-01 Bancario,PUT,/api/financeiro/boletos/configuracao-asaas/<int:empresa_id>,boleto.atualizar_configuracao_asaas,AcessoEmpresaService.obter_escopo|BoletoService.atualizar_configuracao_asaas,tests.test_sprint02_security::test_cross_tenant_foreign_keys_and_company_admin_scope|tests.test_sprint02_security::test_import_quota_partial_rows_updates_and_password_policy[funcionarios-limite_funcionarios-1]|tests.test_sprint02_security::test_import_quota_partial_rows_updates_and_password_policy[produtos-limite_produtos-0]|tests.test_sprint02_security::test_nonadmin_cannot_grant_roles_or_import_staff_even_with_permission,tests/test_sprint02_adversarial.py::test_every_api_method_enforces_auth_scope_and_csrf[anonymous]:PUT:401|tests/test_sprint02_adversarial.py::test_every_api_method_enforces_auth_scope_and_csrf[missing_csrf]:PUT:401|tests/test_sprint02_adversarial.py::test_every_api_method_enforces_auth_scope_and_csrf[wrong_scope]:PUT:403|tests/test_sprint02_security.py::test_every_api_requires_auth_except_health_and_disabled_webhook:PUT:401,regression/junit.xml|retest/junit.xml|regression/http-route-coverage.json|auditoria-modulos.md|auditoria-ui.md,Static service linkage is not route-level HTTP coverage; see audit and browser evidence. Fora do escopo funcional; testes existentes preservados
FORA-01 Bancario,POST,/api/financeiro/boletos/configuracoes-parcelamento,boleto.criar_configuracao_parcelamento,AcessoEmpresaService.obter_escopo|BancoEmissorService.criar_configuracao_parcelamento,tests.test_sprint02_security::test_cross_tenant_foreign_keys_and_company_admin_scope|tests.test_sprint02_security::test_import_quota_partial_rows_updates_and_password_policy[funcionarios-limite_funcionarios-1]|tests.test_sprint02_security::test_import_quota_partial_rows_updates_and_password_policy[produtos-limite_produtos-0]|tests.test_sprint02_security::test_nonadmin_cannot_grant_roles_or_import_staff_even_with_permission,tests/test_sprint02_adversarial.py::test_every_api_method_enforces_auth_scope_and_csrf[anonymous]:POST:401|tests/test_sprint02_adversarial.py::test_every_api_method_enforces_auth_scope_and_csrf[missing_csrf]:POST:401|tests/test_sprint02_adversarial.py::test_every_api_method_enforces_auth_scope_and_csrf[wrong_scope]:POST:403|tests/test_sprint02_security.py::test_every_api_requires_auth_except_health_and_disabled_webhook:POST:401,regression/junit.xml|retest/junit.xml|regression/http-route-coverage.json|auditoria-modulos.md|auditoria-ui.md,Static service linkage is not route-level HTTP coverage; see audit and browser evidence. Fora do escopo funcional; testes existentes preservados
FORA-01 Bancario,GET,/api/financeiro/boletos/configuracoes-parcelamento,boleto.listar_configuracoes_parcelamento,AcessoEmpresaService.obter_escopo|BoletoService.listar_configuracoes_parcelamento,tests.test_sprint02_security::test_cross_tenant_foreign_keys_and_company_admin_scope|tests.test_sprint02_security::test_import_quota_partial_rows_updates_and_password_policy[funcionarios-limite_funcionarios-1]|tests.test_sprint02_security::test_import_quota_partial_rows_updates_and_password_policy[produtos-limite_produtos-0]|tests.test_sprint02_security::test_nonadmin_cannot_grant_roles_or_import_staff_even_with_permission,tests/test_sprint02_adversarial.py::test_every_api_method_enforces_auth_scope_and_csrf[anonymous]:GET:401|tests/test_sprint02_adversarial.py::test_every_api_method_enforces_auth_scope_and_csrf[wrong_scope]:GET:403|tests/test_sprint02_security.py::test_every_api_requires_auth_except_health_and_disabled_webhook:GET:401,regression/junit.xml|retest/junit.xml|regression/http-route-coverage.json|auditoria-modulos.md|auditoria-ui.md,Static service linkage is not route-level HTTP coverage; see audit and browser evidence. Fora do escopo funcional; testes existentes preservados
FORA-01 Bancario,POST,/api/financeiro/boletos/regras-juros-multa,boleto.criar_regra_juros_multa,AcessoEmpresaService.obter_escopo|BancoEmissorService.criar_regra_juros_multa,tests.test_sprint02_security::test_cross_tenant_foreign_keys_and_company_admin_scope|tests.test_sprint02_security::test_import_quota_partial_rows_updates_and_password_policy[funcionarios-limite_funcionarios-1]|tests.test_sprint02_security::test_import_quota_partial_rows_updates_and_password_policy[produtos-limite_produtos-0]|tests.test_sprint02_security::test_nonadmin_cannot_grant_roles_or_import_staff_even_with_permission,tests/test_sprint02_adversarial.py::test_every_api_method_enforces_auth_scope_and_csrf[anonymous]:POST:401|tests/test_sprint02_adversarial.py::test_every_api_method_enforces_auth_scope_and_csrf[missing_csrf]:POST:401|tests/test_sprint02_adversarial.py::test_every_api_method_enforces_auth_scope_and_csrf[wrong_scope]:POST:403|tests/test_sprint02_security.py::test_every_api_requires_auth_except_health_and_disabled_webhook:POST:401,regression/junit.xml|retest/junit.xml|regression/http-route-coverage.json|auditoria-modulos.md|auditoria-ui.md,Static service linkage is not route-level HTTP coverage; see audit and browser evidence. Fora do escopo funcional; testes existentes preservados
FORA-01 Bancario,GET,/api/financeiro/boletos/regras-juros-multa,boleto.listar_regras_juros_multa,AcessoEmpresaService.obter_escopo|BoletoService.listar_regras_juros_multa,tests.test_sprint02_security::test_cross_tenant_foreign_keys_and_company_admin_scope|tests.test_sprint02_security::test_import_quota_partial_rows_updates_and_password_policy[funcionarios-limite_funcionarios-1]|tests.test_sprint02_security::test_import_quota_partial_rows_updates_and_password_policy[produtos-limite_produtos-0]|tests.test_sprint02_security::test_nonadmin_cannot_grant_roles_or_import_staff_even_with_permission,tests/test_sprint02_adversarial.py::test_every_api_method_enforces_auth_scope_and_csrf[anonymous]:GET:401|tests/test_sprint02_adversarial.py::test_every_api_method_enforces_auth_scope_and_csrf[wrong_scope]:GET:403|tests/test_sprint02_security.py::test_every_api_requires_auth_except_health_and_disabled_webhook:GET:401,regression/junit.xml|retest/junit.xml|regression/http-route-coverage.json|auditoria-modulos.md|auditoria-ui.md,Static service linkage is not route-level HTTP coverage; see audit and browser evidence. Fora do escopo funcional; testes existentes preservados
FORA-01 Bancario,GET,/api/financeiro/boletos/view,boleto.pagina,template/decorator/helper/consulta direta,,tests/test_sprint02_adversarial.py::test_every_api_method_enforces_auth_scope_and_csrf[anonymous]:GET:401|tests/test_sprint02_adversarial.py::test_every_api_method_enforces_auth_scope_and_csrf[wrong_scope]:GET:302|tests/test_sprint02_security.py::test_every_api_requires_auth_except_health_and_disabled_webhook:GET:401|tests/test_sprint06_operations.py::test_production_routes_block_even_authenticated[/api/financeiro/boletos/view]:GET:404,regression/junit.xml|retest/junit.xml|regression/http-route-coverage.json|auditoria-modulos.md|auditoria-ui.md,Static service linkage is not route-level HTTP coverage; see audit and browser evidence. Fora do escopo funcional; testes existentes preservados
FORA-01 Bancario,POST,/api/financeiro/boletos/webhook/asaas/<int:tenant_id>/<int:empresa_id>,boleto.webhook_asaas,template/decorator/helper/consulta direta,,tests/test_sprint02_adversarial.py::test_every_api_method_enforces_auth_scope_and_csrf[anonymous]:POST:403|tests/test_sprint02_adversarial.py::test_every_api_method_enforces_auth_scope_and_csrf[missing_csrf]:POST:403|tests/test_sprint02_adversarial.py::test_every_api_method_enforces_auth_scope_and_csrf[wrong_scope]:POST:403|tests/test_sprint02_security.py::test_every_api_requires_auth_except_health_and_disabled_webhook:POST:403|tests/test_sprint02_security.py::test_real_integrations_and_webhook_stay_disabled:POST:403,regression/junit.xml|retest/junit.xml|regression/http-route-coverage.json|auditoria-modulos.md|auditoria-ui.md,Static service linkage is not route-level HTTP coverage; see audit and browser evidence. Fora do escopo funcional; testes existentes preservados
FIN-REL-05 Ciclos financeiros e privacidade,GET,/api/financeiro/conciliacao,ciclos.conciliar,FinanceiroCicloService.conciliar,tests.test_sprint05_adversarial::test_cashback_use_expire_cancel_race|tests.test_sprint05_adversarial::test_reconciliation_detects_extra_entry_and_refuses_close|tests.test_sprint05_adversarial::test_reconciliation_over_1000_and_local_midnight|tests.test_sprint05_cycles::test_cashback_queue_and_sale_are_one_transaction|tests.test_sprint05_cycles::test_cashback_spend_partial_full_cancel_reconciles|tests.test_sprint05_cycles::test_expired_unused_credit_does_not_prevent_sale_cancellation[False]|tests.test_sprint05_cycles::test_expired_unused_credit_does_not_prevent_sale_cancellation[True]|tests.test_sprint07_audit::test_dashboard_partial_return_with_cashback_matches_reconciliation|tests.test_sprint07_audit::test_partial_returns_reduce_rankings_revenue_cost_and_demand,tests/test_sprint02_adversarial.py::test_every_api_method_enforces_auth_scope_and_csrf[anonymous]:GET:401|tests/test_sprint02_adversarial.py::test_every_api_method_enforces_auth_scope_and_csrf[wrong_scope]:GET:403|tests/test_sprint02_security.py::test_every_api_requires_auth_except_health_and_disabled_webhook:GET:401,regression/junit.xml|retest/junit.xml|regression/http-route-coverage.json|auditoria-modulos.md|auditoria-ui.md,Static service linkage is not route-level HTTP coverage; see audit and browser evidence. Vinculo estatico de servico; nao comprova cobertura HTTP desta rota
FIN-02 Lancamentos e fechamento,GET,/api/financeiro/dashboard,financeiro.dashboard,AcessoEmpresaService.obter_escopo|FinanceiroService.obter_dashboard,tests.test_sprint02_security::test_cross_tenant_foreign_keys_and_company_admin_scope|tests.test_sprint02_security::test_import_quota_partial_rows_updates_and_password_policy[funcionarios-limite_funcionarios-1]|tests.test_sprint02_security::test_import_quota_partial_rows_updates_and_password_policy[produtos-limite_produtos-0]|tests.test_sprint02_security::test_nonadmin_cannot_grant_roles_or_import_staff_even_with_permission|tests.test_sprint07_audit::test_dashboard_partial_return_with_cashback_matches_reconciliation|tests.test_sprint07_audit::test_monthly_series_does_not_move_late_evening_to_next_month|tests.test_sprint07_audit::test_partial_returns_reduce_rankings_revenue_cost_and_demand|tests.test_sprint07_audit::test_reports_cash_closure_and_series_use_same_brazil_day,tests/test_sprint02_adversarial.py::test_every_api_method_enforces_auth_scope_and_csrf[anonymous]:GET:401|tests/test_sprint02_adversarial.py::test_every_api_method_enforces_auth_scope_and_csrf[wrong_scope]:GET:403|tests/test_sprint02_security.py::test_every_api_requires_auth_except_health_and_disabled_webhook:GET:401|tests/test_sprint07_audit.py::test_empty_dashboard_http_is_valid_with_and_without_company[1]:GET:200|tests/test_sprint07_audit.py::test_empty_dashboard_http_is_valid_with_and_without_company[None]:GET:200,regression/junit.xml|retest/junit.xml|regression/http-route-coverage.json|auditoria-modulos.md|auditoria-ui.md,Static service linkage is not route-level HTTP coverage; see audit and browser evidence. Vinculo estatico de servico; nao comprova cobertura HTTP desta rota
FIN-02 Lancamentos e fechamento,POST,/api/financeiro/fechamentos,financeiro.criar_fechamento,AcessoEmpresaService.obter_escopo|FinanceiroService.criar_fechamento,tests.test_sprint02_security::test_cross_tenant_foreign_keys_and_company_admin_scope|tests.test_sprint02_security::test_import_quota_partial_rows_updates_and_password_policy[funcionarios-limite_funcionarios-1]|tests.test_sprint02_security::test_import_quota_partial_rows_updates_and_password_policy[produtos-limite_produtos-0]|tests.test_sprint02_security::test_nonadmin_cannot_grant_roles_or_import_staff_even_with_permission|tests.test_sprint05_adversarial::test_closure_adjustment_failure_is_atomic[audit]|tests.test_sprint05_adversarial::test_closure_adjustment_failure_is_atomic[cache]|tests.test_sprint05_adversarial::test_closure_adjustment_failure_is_atomic[closure]|tests.test_sprint05_adversarial::test_closure_adjustment_failure_is_atomic[commit]|tests.test_sprint05_adversarial::test_closure_conflicting_revision_race_and_replay|tests.test_sprint05_adversarial::test_reconciliation_detects_extra_entry_and_refuses_close|tests.test_sprint05_browser::test_browser_advance_reversal_closure_and_privacy|tests.test_sprint05_cycles::test_financial_reversal_and_audited_closure|tests.test_sprint07_audit::test_reports_cash_closure_and_series_use_same_brazil_day,tests/test_sprint02_adversarial.py::test_every_api_method_enforces_auth_scope_and_csrf[anonymous]:POST:401|tests/test_sprint02_adversarial.py::test_every_api_method_enforces_auth_scope_and_csrf[missing_csrf]:POST:401|tests/test_sprint02_adversarial.py::test_every_api_method_enforces_auth_scope_and_csrf[wrong_scope]:POST:403|tests/test_sprint02_security.py::test_every_api_requires_auth_except_health_and_disabled_webhook:POST:401,regression/junit.xml|retest/junit.xml|regression/http-route-coverage.json|auditoria-modulos.md|auditoria-ui.md,Static service linkage is not route-level HTTP coverage; see audit and browser evidence. Vinculo estatico de servico; nao comprova cobertura HTTP desta rota
FIN-02 Lancamentos e fechamento,GET,/api/financeiro/fechamentos,financeiro.listar_fechamentos,AcessoEmpresaService.obter_escopo|FinanceiroService.listar_fechamentos,tests.test_sprint02_security::test_cross_tenant_foreign_keys_and_company_admin_scope|tests.test_sprint02_security::test_import_quota_partial_rows_updates_and_password_policy[funcionarios-limite_funcionarios-1]|tests.test_sprint02_security::test_import_quota_partial_rows_updates_and_password_policy[produtos-limite_produtos-0]|tests.test_sprint02_security::test_nonadmin_cannot_grant_roles_or_import_staff_even_with_permission,tests/test_sprint02_adversarial.py::test_every_api_method_enforces_auth_scope_and_csrf[anonymous]:GET:401|tests/test_sprint02_adversarial.py::test_every_api_method_enforces_auth_scope_and_csrf[wrong_scope]:GET:403|tests/test_sprint02_security.py::test_every_api_requires_auth_except_health_and_disabled_webhook:GET:401,regression/junit.xml|retest/junit.xml|regression/http-route-coverage.json|auditoria-modulos.md|auditoria-ui.md,Static service linkage is not route-level HTTP coverage; see audit and browser evidence. Vinculo estatico de servico; nao comprova cobertura HTTP desta rota
FIN-REL-05 Ciclos financeiros e privacidade,POST,/api/financeiro/fechamentos/<int:fechamento_id>/ajustar,ciclos.ajustar,FinanceiroCicloService.ajustar_fechamento,tests.test_sprint05_adversarial::test_closure_adjustment_failure_is_atomic[audit]|tests.test_sprint05_adversarial::test_closure_adjustment_failure_is_atomic[cache]|tests.test_sprint05_adversarial::test_closure_adjustment_failure_is_atomic[closure]|tests.test_sprint05_adversarial::test_closure_adjustment_failure_is_atomic[commit]|tests.test_sprint05_adversarial::test_closure_conflicting_revision_race_and_replay|tests.test_sprint05_cycles::test_financial_reversal_and_audited_closure,tests/test_sprint02_adversarial.py::test_every_api_method_enforces_auth_scope_and_csrf[anonymous]:POST:401|tests/test_sprint02_adversarial.py::test_every_api_method_enforces_auth_scope_and_csrf[missing_csrf]:POST:401|tests/test_sprint02_adversarial.py::test_every_api_method_enforces_auth_scope_and_csrf[wrong_scope]:POST:403|tests/test_sprint02_security.py::test_every_api_requires_auth_except_health_and_disabled_webhook:POST:401|tests/test_sprint05_cycles.py::test_new_mutations_require_csrf[/api/financeiro/fechamentos/1/ajustar]:POST:401|tests/test_sprint05_cycles.py::test_new_permissions_revalidated_in_existing_session[reabrir_caixa-/api/financeiro/fechamentos/1/ajustar-post]:POST:403,regression/junit.xml|retest/junit.xml|regression/http-route-coverage.json|auditoria-modulos.md|auditoria-ui.md,Static service linkage is not route-level HTTP coverage; see audit and browser evidence. Vinculo estatico de servico; nao comprova cobertura HTTP desta rota
FIN-02 Lancamentos e fechamento,POST,/api/financeiro/lancamentos,financeiro.criar_lancamento,AcessoEmpresaService.obter_escopo|FinanceiroService.criar_lancamento_manual,tests.test_sprint02_security::test_cross_tenant_foreign_keys_and_company_admin_scope|tests.test_sprint02_security::test_import_quota_partial_rows_updates_and_password_policy[funcionarios-limite_funcionarios-1]|tests.test_sprint02_security::test_import_quota_partial_rows_updates_and_password_policy[produtos-limite_produtos-0]|tests.test_sprint02_security::test_nonadmin_cannot_grant_roles_or_import_staff_even_with_permission,tests/test_sprint02_adversarial.py::test_every_api_method_enforces_auth_scope_and_csrf[anonymous]:POST:401|tests/test_sprint02_adversarial.py::test_every_api_method_enforces_auth_scope_and_csrf[missing_csrf]:POST:401|tests/test_sprint02_adversarial.py::test_every_api_method_enforces_auth_scope_and_csrf[wrong_scope]:POST:403|tests/test_sprint02_security.py::test_every_api_requires_auth_except_health_and_disabled_webhook:POST:401,regression/junit.xml|retest/junit.xml|regression/http-route-coverage.json|auditoria-modulos.md|auditoria-ui.md,Static service linkage is not route-level HTTP coverage; see audit and browser evidence. Vinculo estatico de servico; nao comprova cobertura HTTP desta rota
FIN-02 Lancamentos e fechamento,GET,/api/financeiro/lancamentos,financeiro.listar_lancamentos,AcessoEmpresaService.obter_escopo|FinanceiroService.listar_lancamentos,tests.test_sprint02_security::test_cross_tenant_foreign_keys_and_company_admin_scope|tests.test_sprint02_security::test_import_quota_partial_rows_updates_and_password_policy[funcionarios-limite_funcionarios-1]|tests.test_sprint02_security::test_import_quota_partial_rows_updates_and_password_policy[produtos-limite_produtos-0]|tests.test_sprint02_security::test_nonadmin_cannot_grant_roles_or_import_staff_even_with_permission,tests/test_sprint02_adversarial.py::test_every_api_method_enforces_auth_scope_and_csrf[anonymous]:GET:401|tests/test_sprint02_adversarial.py::test_every_api_method_enforces_auth_scope_and_csrf[wrong_scope]:GET:403|tests/test_sprint02_security.py::test_every_api_requires_auth_except_health_and_disabled_webhook:GET:401|tests/test_sprint06_load_adversarial.py::test_critical_list_query_count_does_not_grow_per_sale:GET:200,regression/junit.xml|retest/junit.xml|regression/http-route-coverage.json|auditoria-modulos.md|auditoria-ui.md,Static service linkage is not route-level HTTP coverage; see audit and browser evidence. Vinculo estatico de servico; nao comprova cobertura HTTP desta rota
FIN-REL-05 Ciclos financeiros e privacidade,POST,/api/financeiro/lancamentos/<int:lancamento_id>/estornar,ciclos.estornar,FinanceiroCicloService.estornar,tests.test_sprint05_adversarial::test_formal_reversal_failure_is_atomic[audit]|tests.test_sprint05_adversarial::test_formal_reversal_failure_is_atomic[commit]|tests.test_sprint05_adversarial::test_formal_reversal_failure_is_atomic[idempotency]|tests.test_sprint05_adversarial::test_formal_reversal_failure_is_atomic[ledger]|tests.test_sprint05_adversarial::test_ledger_reversal_marker_cannot_be_forged[False]|tests.test_sprint05_adversarial::test_ledger_reversal_marker_cannot_be_forged[True]|tests.test_sprint05_cycles::test_financial_reversal_and_audited_closure,tests/test_sprint02_adversarial.py::test_every_api_method_enforces_auth_scope_and_csrf[anonymous]:POST:401|tests/test_sprint02_adversarial.py::test_every_api_method_enforces_auth_scope_and_csrf[missing_csrf]:POST:401|tests/test_sprint02_adversarial.py::test_every_api_method_enforces_auth_scope_and_csrf[wrong_scope]:POST:403|tests/test_sprint02_security.py::test_every_api_requires_auth_except_health_and_disabled_webhook:POST:401|tests/test_sprint05_cycles.py::test_http_tenant_privacy_and_finance_isolation:POST:400|tests/test_sprint05_cycles.py::test_new_mutations_require_csrf[/api/financeiro/lancamentos/1/estornar]:POST:401|tests/test_sprint05_cycles.py::test_new_permissions_revalidated_in_existing_session[estornar_financeiro-/api/financeiro/lancamentos/1/estornar-post]:POST:403,regression/junit.xml|retest/junit.xml|regression/http-route-coverage.json|auditoria-modulos.md|auditoria-ui.md,Static service linkage is not route-level HTTP coverage; see audit and browser evidence. Vinculo estatico de servico; nao comprova cobertura HTTP desta rota
FIN-02 Lancamentos e fechamento,GET,/api/financeiro/lancamentos/view,financeiro.pagina_lancamentos,template/decorator/helper/consulta direta,,tests/test_sprint02_adversarial.py::test_every_api_method_enforces_auth_scope_and_csrf[anonymous]:GET:401|tests/test_sprint02_adversarial.py::test_every_api_method_enforces_auth_scope_and_csrf[wrong_scope]:GET:302|tests/test_sprint02_security.py::test_every_api_requires_auth_except_health_and_disabled_webhook:GET:401,regression/junit.xml|retest/junit.xml|regression/http-route-coverage.json|auditoria-modulos.md|auditoria-ui.md,Static service linkage is not route-level HTTP coverage; see audit and browser evidence. Vinculo estatico de servico; nao comprova cobertura HTTP desta rota
FIN-02 Lancamentos e fechamento,GET,/api/financeiro/relatorios/adiantamentos/impressao,financeiro.relatorio_adiantamentos_impressao,AcessoEmpresaService.obter_escopo|AdiantamentoService.listar|AdiantamentoService.obter_resumo_folha,tests.test_sprint02_security::test_cross_tenant_foreign_keys_and_company_admin_scope|tests.test_sprint02_security::test_import_quota_partial_rows_updates_and_password_policy[funcionarios-limite_funcionarios-1]|tests.test_sprint02_security::test_import_quota_partial_rows_updates_and_password_policy[produtos-limite_produtos-0]|tests.test_sprint02_security::test_nonadmin_cannot_grant_roles_or_import_staff_even_with_permission|tests.test_sprint05_cycles::test_advance_full_cycle_preserves_ledger_and_stock[False]|tests.test_sprint05_cycles::test_advance_full_cycle_preserves_ledger_and_stock[True],tests/test_sprint02_adversarial.py::test_every_api_method_enforces_auth_scope_and_csrf[anonymous]:GET:401|tests/test_sprint02_adversarial.py::test_every_api_method_enforces_auth_scope_and_csrf[wrong_scope]:GET:403|tests/test_sprint02_security.py::test_every_api_requires_auth_except_health_and_disabled_webhook:GET:401,regression/junit.xml|retest/junit.xml|regression/http-route-coverage.json|auditoria-modulos.md|auditoria-ui.md,Static service linkage is not route-level HTTP coverage; see audit and browser evidence. Vinculo estatico de servico; nao comprova cobertura HTTP desta rota
FIN-02 Lancamentos e fechamento,GET,/api/financeiro/relatorios/fluxo-caixa/impressao,financeiro.relatorio_fluxo_caixa_impressao,AcessoEmpresaService.obter_escopo|FinanceiroService.obter_relatorio_fluxo_caixa,tests.test_sprint02_security::test_cross_tenant_foreign_keys_and_company_admin_scope|tests.test_sprint02_security::test_import_quota_partial_rows_updates_and_password_policy[funcionarios-limite_funcionarios-1]|tests.test_sprint02_security::test_import_quota_partial_rows_updates_and_password_policy[produtos-limite_produtos-0]|tests.test_sprint02_security::test_nonadmin_cannot_grant_roles_or_import_staff_even_with_permission|tests.test_sprint05_cycles::test_financial_reversal_and_audited_closure|tests.test_sprint05_cycles::test_reports_do_not_silently_drop_records_above_1000|tests.test_sprint07_audit::test_reports_cash_closure_and_series_use_same_brazil_day,tests/test_sprint02_adversarial.py::test_every_api_method_enforces_auth_scope_and_csrf[anonymous]:GET:401|tests/test_sprint02_adversarial.py::test_every_api_method_enforces_auth_scope_and_csrf[wrong_scope]:GET:403|tests/test_sprint02_security.py::test_every_api_requires_auth_except_health_and_disabled_webhook:GET:401,regression/junit.xml|retest/junit.xml|regression/http-route-coverage.json|auditoria-modulos.md|auditoria-ui.md,Static service linkage is not route-level HTTP coverage; see audit and browser evidence. Vinculo estatico de servico; nao comprova cobertura HTTP desta rota
FIN-02 Lancamentos e fechamento,GET,/api/financeiro/relatorios/produtos-mais-vendidos/impressao,financeiro.relatorio_produtos_mais_vendidos_impressao,AcessoEmpresaService.obter_escopo|FinanceiroService.obter_relatorio_produtos_vendidos,tests.test_sprint02_security::test_cross_tenant_foreign_keys_and_company_admin_scope|tests.test_sprint02_security::test_import_quota_partial_rows_updates_and_password_policy[funcionarios-limite_funcionarios-1]|tests.test_sprint02_security::test_import_quota_partial_rows_updates_and_password_policy[produtos-limite_produtos-0]|tests.test_sprint02_security::test_nonadmin_cannot_grant_roles_or_import_staff_even_with_permission|tests.test_sprint07_audit::test_partial_returns_reduce_rankings_revenue_cost_and_demand|tests.test_sprint07_audit::test_returned_item_disappears_from_rankings_while_sale_remains_active,tests/test_sprint02_adversarial.py::test_every_api_method_enforces_auth_scope_and_csrf[anonymous]:GET:401|tests/test_sprint02_adversarial.py::test_every_api_method_enforces_auth_scope_and_csrf[wrong_scope]:GET:403|tests/test_sprint02_security.py::test_every_api_requires_auth_except_health_and_disabled_webhook:GET:401,regression/junit.xml|retest/junit.xml|regression/http-route-coverage.json|auditoria-modulos.md|auditoria-ui.md,Static service linkage is not route-level HTTP coverage; see audit and browser evidence. Vinculo estatico de servico; nao comprova cobertura HTTP desta rota
FIN-02 Lancamentos e fechamento,GET,/api/financeiro/relatorios/view,financeiro.pagina_relatorios,template/decorator/helper/consulta direta,,tests/test_sprint02_adversarial.py::test_every_api_method_enforces_auth_scope_and_csrf[anonymous]:GET:401|tests/test_sprint02_adversarial.py::test_every_api_method_enforces_auth_scope_and_csrf[wrong_scope]:GET:302|tests/test_sprint02_security.py::test_every_api_requires_auth_except_health_and_disabled_webhook:GET:401,regression/junit.xml|retest/junit.xml|regression/http-route-coverage.json|auditoria-modulos.md|auditoria-ui.md,Static service linkage is not route-level HTTP coverage; see audit and browser evidence. Vinculo estatico de servico; nao comprova cobertura HTTP desta rota
FIN-02 Lancamentos e fechamento,GET,/api/financeiro/view,financeiro.pagina,template/decorator/helper/consulta direta,,tests/test_sprint02_adversarial.py::test_every_api_method_enforces_auth_scope_and_csrf[anonymous]:GET:401|tests/test_sprint02_adversarial.py::test_every_api_method_enforces_auth_scope_and_csrf[wrong_scope]:GET:302|tests/test_sprint02_security.py::test_every_api_requires_auth_except_health_and_disabled_webhook:GET:401|tests/test_sprint06_operations.py::test_production_ui_and_payment_lookup_hide_blocked_modules:GET:200,regression/junit.xml|retest/junit.xml|regression/http-route-coverage.json|auditoria-modulos.md|auditoria-ui.md,Static service linkage is not route-level HTTP coverage; see audit and browser evidence. Vinculo estatico de servico; nao comprova cobertura HTTP desta rota
FORA-02 Fiscal,GET,/api/fiscal/auxiliares,fiscal.auxiliares,AcessoEmpresaService.obter_escopo|FiscalService.listar_auxiliares,tests.test_sprint02_security::test_cross_tenant_foreign_keys_and_company_admin_scope|tests.test_sprint02_security::test_import_quota_partial_rows_updates_and_password_policy[funcionarios-limite_funcionarios-1]|tests.test_sprint02_security::test_import_quota_partial_rows_updates_and_password_policy[produtos-limite_produtos-0]|tests.test_sprint02_security::test_nonadmin_cannot_grant_roles_or_import_staff_even_with_permission,tests/test_sprint02_adversarial.py::test_every_api_method_enforces_auth_scope_and_csrf[anonymous]:GET:401|tests/test_sprint02_adversarial.py::test_every_api_method_enforces_auth_scope_and_csrf[wrong_scope]:GET:403|tests/test_sprint02_security.py::test_every_api_requires_auth_except_health_and_disabled_webhook:GET:401,regression/junit.xml|retest/junit.xml|regression/http-route-coverage.json|auditoria-modulos.md|auditoria-ui.md,Static service linkage is not route-level HTTP coverage; see audit and browser evidence. Fora do escopo funcional; testes existentes preservados
FORA-02 Fiscal,GET,/api/fiscal/configuracao,fiscal.obter_configuracao,AcessoEmpresaService.obter_escopo|FiscalService.obter_configuracao,tests.test_sprint02_security::test_cross_tenant_foreign_keys_and_company_admin_scope|tests.test_sprint02_security::test_import_quota_partial_rows_updates_and_password_policy[funcionarios-limite_funcionarios-1]|tests.test_sprint02_security::test_import_quota_partial_rows_updates_and_password_policy[produtos-limite_produtos-0]|tests.test_sprint02_security::test_nonadmin_cannot_grant_roles_or_import_staff_even_with_permission,tests/test_sprint02_adversarial.py::test_every_api_method_enforces_auth_scope_and_csrf[anonymous]:GET:401|tests/test_sprint02_adversarial.py::test_every_api_method_enforces_auth_scope_and_csrf[wrong_scope]:GET:403|tests/test_sprint02_security.py::test_every_api_requires_auth_except_health_and_disabled_webhook:GET:401|tests/test_sprint06_operations.py::test_production_routes_block_even_authenticated[/api/fiscal/configuracao]:GET:404,regression/junit.xml|retest/junit.xml|regression/http-route-coverage.json|auditoria-modulos.md|auditoria-ui.md,Static service linkage is not route-level HTTP coverage; see audit and browser evidence. Fora do escopo funcional; testes existentes preservados
FORA-02 Fiscal,PUT,/api/fiscal/configuracao/<int:empresa_id>,fiscal.atualizar_configuracao,AcessoEmpresaService.obter_escopo|FiscalService.atualizar_configuracao,tests.test_sprint02_security::test_cross_tenant_foreign_keys_and_company_admin_scope|tests.test_sprint02_security::test_import_quota_partial_rows_updates_and_password_policy[funcionarios-limite_funcionarios-1]|tests.test_sprint02_security::test_import_quota_partial_rows_updates_and_password_policy[produtos-limite_produtos-0]|tests.test_sprint02_security::test_nonadmin_cannot_grant_roles_or_import_staff_even_with_permission,tests/test_sprint02_adversarial.py::test_every_api_method_enforces_auth_scope_and_csrf[anonymous]:PUT:401|tests/test_sprint02_adversarial.py::test_every_api_method_enforces_auth_scope_and_csrf[missing_csrf]:PUT:401|tests/test_sprint02_adversarial.py::test_every_api_method_enforces_auth_scope_and_csrf[wrong_scope]:PUT:403|tests/test_sprint02_security.py::test_every_api_requires_auth_except_health_and_disabled_webhook:PUT:401,regression/junit.xml|retest/junit.xml|regression/http-route-coverage.json|auditoria-modulos.md|auditoria-ui.md,Static service linkage is not route-level HTTP coverage; see audit and browser evidence. Fora do escopo funcional; testes existentes preservados
FORA-02 Fiscal,GET,/api/fiscal/notas,fiscal.listar_notas,AcessoEmpresaService.obter_escopo|FiscalService.listar_notas,tests.test_sprint02_security::test_cross_tenant_foreign_keys_and_company_admin_scope|tests.test_sprint02_security::test_import_quota_partial_rows_updates_and_password_policy[funcionarios-limite_funcionarios-1]|tests.test_sprint02_security::test_import_quota_partial_rows_updates_and_password_policy[produtos-limite_produtos-0]|tests.test_sprint02_security::test_nonadmin_cannot_grant_roles_or_import_staff_even_with_permission,tests/test_sprint02_adversarial.py::test_every_api_method_enforces_auth_scope_and_csrf[anonymous]:GET:401|tests/test_sprint02_adversarial.py::test_every_api_method_enforces_auth_scope_and_csrf[wrong_scope]:GET:403|tests/test_sprint02_security.py::test_every_api_requires_auth_except_health_and_disabled_webhook:GET:401,regression/junit.xml|retest/junit.xml|regression/http-route-coverage.json|auditoria-modulos.md|auditoria-ui.md,Static service linkage is not route-level HTTP coverage; see audit and browser evidence. Fora do escopo funcional; testes existentes preservados
FORA-02 Fiscal,POST,/api/fiscal/notas/<int:nota_id>/cancelar,fiscal.cancelar_nota,AcessoEmpresaService.obter_escopo|FiscalService.cancelar_nota_venda,tests.test_sprint02_security::test_cross_tenant_foreign_keys_and_company_admin_scope|tests.test_sprint02_security::test_import_quota_partial_rows_updates_and_password_policy[funcionarios-limite_funcionarios-1]|tests.test_sprint02_security::test_import_quota_partial_rows_updates_and_password_policy[produtos-limite_produtos-0]|tests.test_sprint02_security::test_nonadmin_cannot_grant_roles_or_import_staff_even_with_permission,tests/test_sprint02_adversarial.py::test_every_api_method_enforces_auth_scope_and_csrf[anonymous]:POST:401|tests/test_sprint02_adversarial.py::test_every_api_method_enforces_auth_scope_and_csrf[missing_csrf]:POST:401|tests/test_sprint02_adversarial.py::test_every_api_method_enforces_auth_scope_and_csrf[wrong_scope]:POST:403|tests/test_sprint02_adversarial.py::test_foreign_resource_ids_cannot_read_modify_or_delete:POST:400|tests/test_sprint02_security.py::test_every_api_requires_auth_except_health_and_disabled_webhook:POST:401,regression/junit.xml|retest/junit.xml|regression/http-route-coverage.json|auditoria-modulos.md|auditoria-ui.md,Static service linkage is not route-level HTTP coverage; see audit and browser evidence. Fora do escopo funcional; testes existentes preservados
FORA-02 Fiscal,POST,/api/fiscal/notas/<int:nota_id>/consultar,fiscal.consultar_nota,AcessoEmpresaService.obter_escopo|FiscalService.consultar_nota_venda,tests.test_sprint02_security::test_cross_tenant_foreign_keys_and_company_admin_scope|tests.test_sprint02_security::test_import_quota_partial_rows_updates_and_password_policy[funcionarios-limite_funcionarios-1]|tests.test_sprint02_security::test_import_quota_partial_rows_updates_and_password_policy[produtos-limite_produtos-0]|tests.test_sprint02_security::test_nonadmin_cannot_grant_roles_or_import_staff_even_with_permission,tests/test_sprint02_adversarial.py::test_every_api_method_enforces_auth_scope_and_csrf[anonymous]:POST:401|tests/test_sprint02_adversarial.py::test_every_api_method_enforces_auth_scope_and_csrf[missing_csrf]:POST:401|tests/test_sprint02_adversarial.py::test_every_api_method_enforces_auth_scope_and_csrf[wrong_scope]:POST:403|tests/test_sprint02_adversarial.py::test_foreign_resource_ids_cannot_read_modify_or_delete:POST:400|tests/test_sprint02_security.py::test_every_api_requires_auth_except_health_and_disabled_webhook:POST:401,regression/junit.xml|retest/junit.xml|regression/http-route-coverage.json|auditoria-modulos.md|auditoria-ui.md,Static service linkage is not route-level HTTP coverage; see audit and browser evidence. Fora do escopo funcional; testes existentes preservados
FORA-02 Fiscal,GET,/api/fiscal/notas/<int:nota_id>/danfe,fiscal.baixar_danfe_nota,AcessoEmpresaService.obter_escopo|FiscalService.obter_danfe_nota,tests.test_sprint02_security::test_cross_tenant_foreign_keys_and_company_admin_scope|tests.test_sprint02_security::test_import_quota_partial_rows_updates_and_password_policy[funcionarios-limite_funcionarios-1]|tests.test_sprint02_security::test_import_quota_partial_rows_updates_and_password_policy[produtos-limite_produtos-0]|tests.test_sprint02_security::test_nonadmin_cannot_grant_roles_or_import_staff_even_with_permission,tests/test_sprint02_adversarial.py::test_every_api_method_enforces_auth_scope_and_csrf[anonymous]:GET:401|tests/test_sprint02_adversarial.py::test_every_api_method_enforces_auth_scope_and_csrf[wrong_scope]:GET:403|tests/test_sprint02_adversarial.py::test_foreign_resource_ids_cannot_read_modify_or_delete:GET:400|tests/test_sprint02_security.py::test_every_api_requires_auth_except_health_and_disabled_webhook:GET:401,regression/junit.xml|retest/junit.xml|regression/http-route-coverage.json|auditoria-modulos.md|auditoria-ui.md,Static service linkage is not route-level HTTP coverage; see audit and browser evidence. Fora do escopo funcional; testes existentes preservados
FORA-02 Fiscal,GET,/api/fiscal/notas/<int:nota_id>/xml,fiscal.baixar_xml_nota,AcessoEmpresaService.obter_escopo|FiscalService.obter_xml_nota,tests.test_sprint02_security::test_cross_tenant_foreign_keys_and_company_admin_scope|tests.test_sprint02_security::test_import_quota_partial_rows_updates_and_password_policy[funcionarios-limite_funcionarios-1]|tests.test_sprint02_security::test_import_quota_partial_rows_updates_and_password_policy[produtos-limite_produtos-0]|tests.test_sprint02_security::test_nonadmin_cannot_grant_roles_or_import_staff_even_with_permission,tests/test_sprint02_adversarial.py::test_every_api_method_enforces_auth_scope_and_csrf[anonymous]:GET:401|tests/test_sprint02_adversarial.py::test_every_api_method_enforces_auth_scope_and_csrf[wrong_scope]:GET:403|tests/test_sprint02_adversarial.py::test_foreign_resource_ids_cannot_read_modify_or_delete:GET:400|tests/test_sprint02_security.py::test_every_api_requires_auth_except_health_and_disabled_webhook:GET:401,regression/junit.xml|retest/junit.xml|regression/http-route-coverage.json|auditoria-modulos.md|auditoria-ui.md,Static service linkage is not route-level HTTP coverage; see audit and browser evidence. Fora do escopo funcional; testes existentes preservados
FORA-02 Fiscal,POST,/api/fiscal/notas/emitir,fiscal.emitir_nota_venda,AcessoEmpresaService.obter_escopo|FiscalService.emitir_nota_venda,tests.test_sprint02_security::test_cross_tenant_foreign_keys_and_company_admin_scope|tests.test_sprint02_security::test_import_quota_partial_rows_updates_and_password_policy[funcionarios-limite_funcionarios-1]|tests.test_sprint02_security::test_import_quota_partial_rows_updates_and_password_policy[produtos-limite_produtos-0]|tests.test_sprint02_security::test_nonadmin_cannot_grant_roles_or_import_staff_even_with_permission,tests/test_sprint02_adversarial.py::test_every_api_method_enforces_auth_scope_and_csrf[anonymous]:POST:401|tests/test_sprint02_adversarial.py::test_every_api_method_enforces_auth_scope_and_csrf[missing_csrf]:POST:401|tests/test_sprint02_adversarial.py::test_every_api_method_enforces_auth_scope_and_csrf[wrong_scope]:POST:403|tests/test_sprint02_security.py::test_every_api_requires_auth_except_health_and_disabled_webhook:POST:401,regression/junit.xml|retest/junit.xml|regression/http-route-coverage.json|auditoria-modulos.md|auditoria-ui.md,Static service linkage is not route-level HTTP coverage; see audit and browser evidence. Fora do escopo funcional; testes existentes preservados
FORA-02 Fiscal,POST,/api/fiscal/notas/prevalidar,fiscal.prevalidar_venda,AcessoEmpresaService.obter_escopo|FiscalService.prevalidar_venda,tests.test_sprint02_security::test_cross_tenant_foreign_keys_and_company_admin_scope|tests.test_sprint02_security::test_import_quota_partial_rows_updates_and_password_policy[funcionarios-limite_funcionarios-1]|tests.test_sprint02_security::test_import_quota_partial_rows_updates_and_password_policy[produtos-limite_produtos-0]|tests.test_sprint02_security::test_nonadmin_cannot_grant_roles_or_import_staff_even_with_permission,tests/test_sprint02_adversarial.py::test_every_api_method_enforces_auth_scope_and_csrf[anonymous]:POST:401|tests/test_sprint02_adversarial.py::test_every_api_method_enforces_auth_scope_and_csrf[missing_csrf]:POST:401|tests/test_sprint02_adversarial.py::test_every_api_method_enforces_auth_scope_and_csrf[wrong_scope]:POST:403|tests/test_sprint02_security.py::test_every_api_requires_auth_except_health_and_disabled_webhook:POST:401,regression/junit.xml|retest/junit.xml|regression/http-route-coverage.json|auditoria-modulos.md|auditoria-ui.md,Static service linkage is not route-level HTTP coverage; see audit and browser evidence. Fora do escopo funcional; testes existentes preservados
FORA-02 Fiscal,GET,/api/fiscal/view,fiscal.pagina,template/decorator/helper/consulta direta,,tests/test_sprint02_adversarial.py::test_every_api_method_enforces_auth_scope_and_csrf[anonymous]:GET:401|tests/test_sprint02_adversarial.py::test_every_api_method_enforces_auth_scope_and_csrf[wrong_scope]:GET:302|tests/test_sprint02_security.py::test_every_api_requires_auth_except_health_and_disabled_webhook:GET:401|tests/test_sprint06_operations.py::test_production_routes_block_even_authenticated[/api/fiscal/view]:GET:404,regression/junit.xml|retest/junit.xml|regression/http-route-coverage.json|auditoria-modulos.md|auditoria-ui.md,Static service linkage is not route-level HTTP coverage; see audit and browser evidence. Fora do escopo funcional; testes existentes preservados
CAD-03 Funcionarios,POST,/api/funcionarios/,funcionario.criar,FuncionarioService.criar,tests.test_sprint03_adversarial::test_employee_history_cannot_be_detached_by_delete|tests.test_sprint03_faults::test_registration_parent_insert_failure_preserves_all_tables[Funcionario]|tests.test_sprint03_faults::test_registration_parent_insert_failure_preserves_all_tables[Produto]|tests.test_sprint03_transactions::test_employee_company_set_and_role_changes_are_atomic|tests.test_sprint03_transactions::test_final_parent_delete_failure_restores_link[employee]|tests.test_sprint03_transactions::test_final_parent_delete_failure_restores_link[product]|tests.test_sprint03_transactions::test_parent_and_links_rollback_after_child_insert_failure[FuncionarioEmpresa-employee]|tests.test_sprint03_transactions::test_parent_and_links_rollback_after_child_insert_failure[ProdutoEmpresa-product]|tests.test_sprint03_transactions::test_parent_and_links_rollback_after_child_insert_failure[RolePermission-role],tests/test_sprint02_adversarial.py::test_every_api_method_enforces_auth_scope_and_csrf[anonymous]:POST:401|tests/test_sprint02_adversarial.py::test_every_api_method_enforces_auth_scope_and_csrf[missing_csrf]:POST:401|tests/test_sprint02_adversarial.py::test_every_api_method_enforces_auth_scope_and_csrf[wrong_scope]:POST:403|tests/test_sprint02_security.py::test_every_api_requires_auth_except_health_and_disabled_webhook:POST:401|tests/test_sprint02_security.py::test_nonadmin_cannot_grant_roles_or_import_staff_even_with_permission:POST:403|tests/test_sprint03_transactions.py::test_http_preview_and_multicompany_employee:POST:201|tests/test_sprint07_audit.py::test_http_identifiers_never_select_a_different_record[1.5-employee_company]:POST:400|tests/test_sprint07_audit.py::test_http_identifiers_never_select_a_different_record[1.5-employee_role]:POST:400|tests/test_sprint07_audit.py::test_http_identifiers_never_select_a_different_record[True-employee_company]:POST:400|tests/test_sprint07_audit.py::test_http_identifiers_never_select_a_different_record[True-employee_role]:POST:400|tests/test_sprint07_audit.py::test_string_identifiers_preserve_valid_employee_product_and_stock_flow:POST:201,regression/junit.xml|retest/junit.xml|regression/http-route-coverage.json|auditoria-modulos.md|auditoria-ui.md,Static service linkage is not route-level HTTP coverage; see audit and browser evidence. Vinculo estatico de servico; nao comprova cobertura HTTP desta rota
CAD-03 Funcionarios,GET,/api/funcionarios/,funcionario.listar,FuncionarioService.listar,,tests/test_sprint02_adversarial.py::test_every_api_method_enforces_auth_scope_and_csrf[anonymous]:GET:401|tests/test_sprint02_adversarial.py::test_every_api_method_enforces_auth_scope_and_csrf[wrong_scope]:GET:403|tests/test_sprint02_adversarial.py::test_foreign_resource_ids_cannot_read_modify_or_delete:GET:200|tests/test_sprint02_security.py::test_every_api_requires_auth_except_health_and_disabled_webhook:GET:401,regression/junit.xml|retest/junit.xml|regression/http-route-coverage.json|auditoria-modulos.md|auditoria-ui.md,Static service linkage is not route-level HTTP coverage; see audit and browser evidence. Vinculo estatico de servico; nao comprova cobertura HTTP desta rota
CAD-03 Funcionarios,PUT,/api/funcionarios/<int:funcionario_empresa_id>,funcionario.atualizar,FuncionarioService.atualizar,tests.test_sprint03_transactions::test_employee_company_set_and_role_changes_are_atomic,tests/test_sprint02_adversarial.py::test_every_api_method_enforces_auth_scope_and_csrf[anonymous]:PUT:401|tests/test_sprint02_adversarial.py::test_every_api_method_enforces_auth_scope_and_csrf[missing_csrf]:PUT:401|tests/test_sprint02_adversarial.py::test_every_api_method_enforces_auth_scope_and_csrf[wrong_scope]:PUT:403|tests/test_sprint02_adversarial.py::test_foreign_resource_ids_cannot_read_modify_or_delete:PUT:400|tests/test_sprint02_security.py::test_every_api_requires_auth_except_health_and_disabled_webhook:PUT:401,regression/junit.xml|retest/junit.xml|regression/http-route-coverage.json|auditoria-modulos.md|auditoria-ui.md,Static service linkage is not route-level HTTP coverage; see audit and browser evidence. Vinculo estatico de servico; nao comprova cobertura HTTP desta rota
CAD-03 Funcionarios,DELETE,/api/funcionarios/<int:funcionario_empresa_id>,funcionario.deletar,FuncionarioService.deletar,tests.test_sprint03_adversarial::test_employee_history_cannot_be_detached_by_delete|tests.test_sprint03_transactions::test_final_parent_delete_failure_restores_link[employee]|tests.test_sprint03_transactions::test_final_parent_delete_failure_restores_link[product],tests/test_sprint02_adversarial.py::test_every_api_method_enforces_auth_scope_and_csrf[anonymous]:DELETE:401|tests/test_sprint02_adversarial.py::test_every_api_method_enforces_auth_scope_and_csrf[missing_csrf]:DELETE:401|tests/test_sprint02_adversarial.py::test_every_api_method_enforces_auth_scope_and_csrf[wrong_scope]:DELETE:403|tests/test_sprint02_adversarial.py::test_foreign_resource_ids_cannot_read_modify_or_delete:DELETE:400|tests/test_sprint02_security.py::test_every_api_requires_auth_except_health_and_disabled_webhook:DELETE:401,regression/junit.xml|retest/junit.xml|regression/http-route-coverage.json|auditoria-modulos.md|auditoria-ui.md,Static service linkage is not route-level HTTP coverage; see audit and browser evidence. Vinculo estatico de servico; nao comprova cobertura HTTP desta rota
CAD-03 Funcionarios,GET,/api/funcionarios/empresas-disponiveis,funcionario.listar_empresas_disponiveis,FuncionarioService.listar_empresas,,tests/test_sprint02_adversarial.py::test_every_api_method_enforces_auth_scope_and_csrf[anonymous]:GET:401|tests/test_sprint02_adversarial.py::test_every_api_method_enforces_auth_scope_and_csrf[wrong_scope]:GET:403|tests/test_sprint02_security.py::test_every_api_requires_auth_except_health_and_disabled_webhook:GET:401,regression/junit.xml|retest/junit.xml|regression/http-route-coverage.json|auditoria-modulos.md|auditoria-ui.md,Static service linkage is not route-level HTTP coverage; see audit and browser evidence. Vinculo estatico de servico; nao comprova cobertura HTTP desta rota
CAD-03 Funcionarios,GET,/api/funcionarios/roles-disponiveis,funcionario.listar_roles_disponiveis,FuncionarioService.listar_roles,,tests/test_sprint02_adversarial.py::test_every_api_method_enforces_auth_scope_and_csrf[anonymous]:GET:401|tests/test_sprint02_adversarial.py::test_every_api_method_enforces_auth_scope_and_csrf[wrong_scope]:GET:403|tests/test_sprint02_security.py::test_every_api_requires_auth_except_health_and_disabled_webhook:GET:401,regression/junit.xml|retest/junit.xml|regression/http-route-coverage.json|auditoria-modulos.md|auditoria-ui.md,Static service linkage is not route-level HTTP coverage; see audit and browser evidence. Vinculo estatico de servico; nao comprova cobertura HTTP desta rota
CAD-03 Funcionarios,GET,/api/funcionarios/view,funcionario.pagina,template/decorator/helper/consulta direta,,tests/test_sprint02_adversarial.py::test_every_api_method_enforces_auth_scope_and_csrf[anonymous]:GET:401|tests/test_sprint02_adversarial.py::test_every_api_method_enforces_auth_scope_and_csrf[wrong_scope]:GET:302|tests/test_sprint02_security.py::test_every_api_requires_auth_except_health_and_disabled_webhook:GET:401,regression/junit.xml|retest/junit.xml|regression/http-route-coverage.json|auditoria-modulos.md|auditoria-ui.md,Static service linkage is not route-level HTTP coverage; see audit and browser evidence. Vinculo estatico de servico; nao comprova cobertura HTTP desta rota
OPS-01 Disponibilidade,GET,/api/health,health.healthcheck,template/decorator/helper/consulta direta,,tests/test_release_candidate.py::test_health_reports_packaged_release_version:GET:200|tests/test_runtime.py::test_health_and_readiness_on_migrated_postgresql:GET:200,regression/junit.xml|retest/junit.xml|regression/http-route-coverage.json|auditoria-modulos.md|auditoria-ui.md,Static service linkage is not route-level HTTP coverage; see audit and browser evidence. Vinculo estatico de servico; nao comprova cobertura HTTP desta rota
CAD-05 Importacao e exportacao,GET,/api/importacao-exportacao/contexto,import_export.contexto,ImportExportService.obter_contexto_painel,,tests/test_sprint02_adversarial.py::test_every_api_method_enforces_auth_scope_and_csrf[anonymous]:GET:401|tests/test_sprint02_adversarial.py::test_every_api_method_enforces_auth_scope_and_csrf[wrong_scope]:GET:403|tests/test_sprint02_security.py::test_every_api_requires_auth_except_health_and_disabled_webhook:GET:401,regression/junit.xml|retest/junit.xml|regression/http-route-coverage.json|auditoria-modulos.md|auditoria-ui.md,Static service linkage is not route-level HTTP coverage; see audit and browser evidence. Vinculo estatico de servico; nao comprova cobertura HTTP desta rota
CAD-05 Importacao e exportacao,GET,/api/importacao-exportacao/exportar,import_export.exportar,ImportExportService.exportar_entidade,tests.test_sprint03_transactions::test_all_six_layouts_preview_import_export_reimport[categorias]|tests.test_sprint03_transactions::test_all_six_layouts_preview_import_export_reimport[categorias_financeiras]|tests.test_sprint03_transactions::test_all_six_layouts_preview_import_export_reimport[cupons]|tests.test_sprint03_transactions::test_all_six_layouts_preview_import_export_reimport[formas_pagamento]|tests.test_sprint03_transactions::test_all_six_layouts_preview_import_export_reimport[funcionarios]|tests.test_sprint03_transactions::test_all_six_layouts_preview_import_export_reimport[produtos]|tests.test_sprint03_transactions::test_export_formula_like_text_is_literal,tests/test_sprint02_adversarial.py::test_every_api_method_enforces_auth_scope_and_csrf[anonymous]:GET:401|tests/test_sprint02_adversarial.py::test_every_api_method_enforces_auth_scope_and_csrf[wrong_scope]:GET:403|tests/test_sprint02_security.py::test_every_api_requires_auth_except_health_and_disabled_webhook:GET:401,regression/junit.xml|retest/junit.xml|regression/http-route-coverage.json|auditoria-modulos.md|auditoria-ui.md,Static service linkage is not route-level HTTP coverage; see audit and browser evidence. Vinculo estatico de servico; nao comprova cobertura HTTP desta rota
CAD-05 Importacao e exportacao,POST,/api/importacao-exportacao/importar,import_export.importar,ImportExportService.importar_entidade,tests.test_sprint02_security::test_import_quota_partial_rows_updates_and_password_policy[funcionarios-limite_funcionarios-1]|tests.test_sprint02_security::test_import_quota_partial_rows_updates_and_password_policy[produtos-limite_produtos-0]|tests.test_sprint03_transactions::test_all_six_layouts_preview_import_export_reimport[categorias]|tests.test_sprint03_transactions::test_all_six_layouts_preview_import_export_reimport[categorias_financeiras]|tests.test_sprint03_transactions::test_all_six_layouts_preview_import_export_reimport[cupons]|tests.test_sprint03_transactions::test_all_six_layouts_preview_import_export_reimport[formas_pagamento]|tests.test_sprint03_transactions::test_all_six_layouts_preview_import_export_reimport[funcionarios]|tests.test_sprint03_transactions::test_all_six_layouts_preview_import_export_reimport[produtos]|tests.test_sprint03_transactions::test_export_formula_like_text_is_literal,tests/test_sprint02_adversarial.py::test_every_api_method_enforces_auth_scope_and_csrf[anonymous]:POST:401|tests/test_sprint02_adversarial.py::test_every_api_method_enforces_auth_scope_and_csrf[missing_csrf]:POST:401|tests/test_sprint02_adversarial.py::test_every_api_method_enforces_auth_scope_and_csrf[wrong_scope]:POST:403|tests/test_sprint02_security.py::test_every_api_requires_auth_except_health_and_disabled_webhook:POST:401|tests/test_sprint03_transactions.py::test_http_preview_and_multicompany_employee:POST:200,regression/junit.xml|retest/junit.xml|regression/http-route-coverage.json|auditoria-modulos.md|auditoria-ui.md,Static service linkage is not route-level HTTP coverage; see audit and browser evidence. Vinculo estatico de servico; nao comprova cobertura HTTP desta rota
CAD-05 Importacao e exportacao,GET,/api/importacao-exportacao/template,import_export.baixar_template,ImportExportService.gerar_template,tests.test_sprint03_transactions::test_all_six_layouts_preview_import_export_reimport[categorias]|tests.test_sprint03_transactions::test_all_six_layouts_preview_import_export_reimport[categorias_financeiras]|tests.test_sprint03_transactions::test_all_six_layouts_preview_import_export_reimport[cupons]|tests.test_sprint03_transactions::test_all_six_layouts_preview_import_export_reimport[formas_pagamento]|tests.test_sprint03_transactions::test_all_six_layouts_preview_import_export_reimport[funcionarios]|tests.test_sprint03_transactions::test_all_six_layouts_preview_import_export_reimport[produtos],tests/test_sprint02_adversarial.py::test_every_api_method_enforces_auth_scope_and_csrf[anonymous]:GET:401|tests/test_sprint02_adversarial.py::test_every_api_method_enforces_auth_scope_and_csrf[wrong_scope]:GET:403|tests/test_sprint02_security.py::test_every_api_requires_auth_except_health_and_disabled_webhook:GET:401,regression/junit.xml|retest/junit.xml|regression/http-route-coverage.json|auditoria-modulos.md|auditoria-ui.md,Static service linkage is not route-level HTTP coverage; see audit and browser evidence. Vinculo estatico de servico; nao comprova cobertura HTTP desta rota
CAD-05 Importacao e exportacao,GET,/api/importacao-exportacao/view,import_export.pagina,template/decorator/helper/consulta direta,,tests/test_sprint02_adversarial.py::test_every_api_method_enforces_auth_scope_and_csrf[anonymous]:GET:401|tests/test_sprint02_adversarial.py::test_every_api_method_enforces_auth_scope_and_csrf[wrong_scope]:GET:302|tests/test_sprint02_security.py::test_every_api_requires_auth_except_health_and_disabled_webhook:GET:401,regression/junit.xml|retest/junit.xml|regression/http-route-coverage.json|auditoria-modulos.md|auditoria-ui.md,Static service linkage is not route-level HTTP coverage; see audit and browser evidence. Vinculo estatico de servico; nao comprova cobertura HTTP desta rota
FIN-REL-05 Ciclos financeiros e privacidade,GET,/api/operacoes/view,ciclos.pagina,template/decorator/helper/consulta direta,,tests/test_sprint02_adversarial.py::test_every_api_method_enforces_auth_scope_and_csrf[anonymous]:GET:401|tests/test_sprint02_adversarial.py::test_every_api_method_enforces_auth_scope_and_csrf[wrong_scope]:GET:403|tests/test_sprint02_security.py::test_every_api_requires_auth_except_health_and_disabled_webhook:GET:401,regression/junit.xml|retest/junit.xml|regression/http-route-coverage.json|auditoria-modulos.md|auditoria-ui.md,Static service linkage is not route-level HTTP coverage; see audit and browser evidence. Vinculo estatico de servico; nao comprova cobertura HTTP desta rota
PDV-01 Vendas e cancelamentos,GET,/api/pdv/auxiliares,pdv.auxiliares,AcessoEmpresaService.obter_escopo|PdvService.listar_auxiliares,tests.test_sprint02_security::test_cross_tenant_foreign_keys_and_company_admin_scope|tests.test_sprint02_security::test_import_quota_partial_rows_updates_and_password_policy[funcionarios-limite_funcionarios-1]|tests.test_sprint02_security::test_import_quota_partial_rows_updates_and_password_policy[produtos-limite_produtos-0]|tests.test_sprint02_security::test_nonadmin_cannot_grant_roles_or_import_staff_even_with_permission|tests.test_sprint07_audit::test_operational_lookup_preserves_imported_deactivation[categorias_financeiras-CategoriaFinanceira-row1]|tests.test_sprint07_audit::test_operational_lookup_preserves_imported_deactivation[formas_pagamento-FormaPagamento-row0],tests/test_sprint02_adversarial.py::test_every_api_method_enforces_auth_scope_and_csrf[anonymous]:GET:401|tests/test_sprint02_adversarial.py::test_every_api_method_enforces_auth_scope_and_csrf[wrong_scope]:GET:403|tests/test_sprint02_security.py::test_every_api_requires_auth_except_health_and_disabled_webhook:GET:401,regression/junit.xml|retest/junit.xml|regression/http-route-coverage.json|auditoria-modulos.md|auditoria-ui.md,Static service linkage is not route-level HTTP coverage; see audit and browser evidence. Vinculo estatico de servico; nao comprova cobertura HTTP desta rota
PDV-01 Vendas e cancelamentos,GET,/api/pdv/produtos,pdv.listar_produtos,AcessoEmpresaService.obter_escopo|PdvService.listar_produtos,tests.test_sprint02_security::test_cross_tenant_foreign_keys_and_company_admin_scope|tests.test_sprint02_security::test_import_quota_partial_rows_updates_and_password_policy[funcionarios-limite_funcionarios-1]|tests.test_sprint02_security::test_import_quota_partial_rows_updates_and_password_policy[produtos-limite_produtos-0]|tests.test_sprint02_security::test_nonadmin_cannot_grant_roles_or_import_staff_even_with_permission,tests/test_sprint02_adversarial.py::test_every_api_method_enforces_auth_scope_and_csrf[anonymous]:GET:401|tests/test_sprint02_adversarial.py::test_every_api_method_enforces_auth_scope_and_csrf[wrong_scope]:GET:403|tests/test_sprint02_security.py::test_every_api_requires_auth_except_health_and_disabled_webhook:GET:401,regression/junit.xml|retest/junit.xml|regression/http-route-coverage.json|auditoria-modulos.md|auditoria-ui.md,Static service linkage is not route-level HTTP coverage; see audit and browser evidence. Vinculo estatico de servico; nao comprova cobertura HTTP desta rota
PDV-01 Vendas e cancelamentos,GET,/api/pdv/produtos/codigo-barras,pdv.buscar_produto_por_codigo_barras,AcessoEmpresaService.obter_escopo|PdvService.buscar_produto_por_codigo_barras,tests.test_sprint02_security::test_cross_tenant_foreign_keys_and_company_admin_scope|tests.test_sprint02_security::test_import_quota_partial_rows_updates_and_password_policy[funcionarios-limite_funcionarios-1]|tests.test_sprint02_security::test_import_quota_partial_rows_updates_and_password_policy[produtos-limite_produtos-0]|tests.test_sprint02_security::test_nonadmin_cannot_grant_roles_or_import_staff_even_with_permission,tests/test_sprint02_adversarial.py::test_every_api_method_enforces_auth_scope_and_csrf[anonymous]:GET:401|tests/test_sprint02_adversarial.py::test_every_api_method_enforces_auth_scope_and_csrf[wrong_scope]:GET:403|tests/test_sprint02_security.py::test_every_api_requires_auth_except_health_and_disabled_webhook:GET:401,regression/junit.xml|retest/junit.xml|regression/http-route-coverage.json|auditoria-modulos.md|auditoria-ui.md,Static service linkage is not route-level HTTP coverage; see audit and browser evidence. Vinculo estatico de servico; nao comprova cobertura HTTP desta rota
PDV-01 Vendas e cancelamentos,POST,/api/pdv/vendas,pdv.criar_venda,AcessoEmpresaService.obter_escopo|AuditService.registrar|PdvService.criar_venda,tests.test_sprint02_security::test_cross_tenant_foreign_keys_and_company_admin_scope|tests.test_sprint02_security::test_import_quota_partial_rows_updates_and_password_policy[funcionarios-limite_funcionarios-1]|tests.test_sprint02_security::test_import_quota_partial_rows_updates_and_password_policy[produtos-limite_produtos-0]|tests.test_sprint02_security::test_nonadmin_cannot_grant_roles_or_import_staff_even_with_permission|tests.test_sprint03_adversarial::test_cancel_rollback_at_each_persisted_stage[LancamentoFinanceiro-after_insert-False]|tests.test_sprint03_adversarial::test_cancel_rollback_at_each_persisted_stage[LancamentoFinanceiro-after_insert-True]|tests.test_sprint03_adversarial::test_cancel_rollback_at_each_persisted_stage[MovimentoEstoque-after_insert-False]|tests.test_sprint03_adversarial::test_cancel_rollback_at_each_persisted_stage[MovimentoEstoque-after_insert-True]|tests.test_sprint03_adversarial::test_cancel_rollback_at_each_persisted_stage[OperacaoIdempotente-after_insert-False]|tests.test_sprint03_adversarial::test_cancel_rollback_at_each_persisted_stage[OperacaoIdempotente-after_insert-True]|tests.test_sprint03_adversarial::test_cancel_rollback_at_each_persisted_stage[Venda-after_update-False]|tests.test_sprint03_adversarial::test_cancel_rollback_at_each_persisted_stage[Venda-after_update-True]|tests.test_sprint03_adversarial::test_cashback_insert_failure_rolls_back_sale_and_wallet[CreditoCashbackCliente]|tests.test_sprint03_adversarial::test_cashback_insert_failure_rolls_back_sale_and_wallet[MovimentoCarteiraCliente]|tests.test_sprint03_adversarial::test_concurrent_same_key_different_payload|tests.test_sprint03_adversarial::test_idempotency_replay_rechecks_company_access[cancel]|tests.test_sprint03_adversarial::test_idempotency_replay_rechecks_company_access[sale]|tests.test_sprint03_adversarial::test_partial_refunds_conserve_every_cent[False-0.01]|tests.test_sprint03_adversarial::test_partial_refunds_conserve_every_cent[False-0.02]|tests.test_sprint03_adversarial::test_partial_refunds_conserve_every_cent[False-29.99]|tests.test_sprint03_adversarial::test_partial_refunds_conserve_every_cent[True-0.01]|tests.test_sprint03_adversarial::test_partial_refunds_conserve_every_cent[True-0.02]|tests.test_sprint03_adversarial::test_partial_refunds_conserve_every_cent[True-29.99]|tests.test_sprint03_adversarial::test_partial_refunds_restore_each_consumed_credit_exactly|tests.test_sprint03_adversarial::test_partial_refunds_revoke_all_generated_cashback|tests.test_sprint03_adversarial::test_refunds_do_not_overpay_individual_payment_sources|tests.test_sprint03_adversarial::test_sale_rollback_at_each_persisted_stage[ItemVenda]|tests.test_sprint03_adversarial::test_sale_rollback_at_each_persisted_stage[LancamentoFinanceiro]|tests.test_sprint03_adversarial::test_sale_rollback_at_each_persisted_stage[MovimentoEstoque]|tests.test_sprint03_adversarial::test_sale_rollback_at_each_persisted_stage[OperacaoIdempotente]|tests.test_sprint03_adversarial::test_sale_rollback_at_each_persisted_stage[PagamentoVenda]|tests.test_sprint03_adversarial::test_sale_rollback_at_each_persisted_stage[Venda]|tests.test_sprint03_adversarial::test_simultaneous_full_and_partial_cancellation|tests.test_sprint03_adversarial::test_two_sales_for_last_unit_with_distinct_keys|tests.test_sprint03_database::test_finite_migration_refuses_inconsistent_legacy_without_data_loss[produtos_empresa-valor_compra]|tests.test_sprint03_database::test_finite_migration_refuses_inconsistent_legacy_without_data_loss[vendas-total]|tests.test_sprint03_database::test_postgresql_rejects_nan_in_persisted_money[funcionarios-salario]|tests.test_sprint03_database::test_postgresql_rejects_nan_in_persisted_money[itens_venda-valor_unitario]|tests.test_sprint03_database::test_postgresql_rejects_nan_in_persisted_money[lancamentos_financeiros-valor]|tests.test_sprint03_database::test_postgresql_rejects_nan_in_persisted_money[movimentos_estoque-valor_unitario]|tests.test_sprint03_database::test_postgresql_rejects_nan_in_persisted_money[pagamentos_venda-valor]|tests.test_sprint03_database::test_postgresql_rejects_nan_in_persisted_money[produtos_empresa-valor_compra]|tests.test_sprint03_database::test_postgresql_rejects_nan_in_persisted_money[vendas-total]|tests.test_sprint03_faults::test_postgresql_orphan_and_ledger_audit_after_mixed_operations|tests.test_sprint03_transactions::test_cancel_failure_restores_sale_stock_finance_and_idempotency|tests.test_sprint03_transactions::test_commit_failure_does_not_send_notification_or_leave_sale|tests.test_sprint03_transactions::test_full_cancellation_and_stock_callback_replays|tests.test_sprint03_transactions::test_migration_rejects_duplicate_legacy_sale_debits_atomically|tests.test_sprint03_transactions::test_sale_and_partial_cancellation_replay_concurrently|tests.test_sprint03_transactions::test_sale_failure_after_stock_restores_every_table|tests.test_sprint03_transactions::test_uncancelled_sale_cannot_restore_stock|tests.test_sprint04_adversarial::test_coupon_cashback_sale_rollback_at_each_boundary[CreditoCashbackCliente]|tests.test_sprint04_adversarial::test_coupon_cashback_sale_rollback_at_each_boundary[EntregaAlerta]|tests.test_sprint04_adversarial::test_coupon_cashback_sale_rollback_at_each_boundary[ItemVenda]|tests.test_sprint04_adversarial::test_coupon_cashback_sale_rollback_at_each_boundary[LancamentoFinanceiro]|tests.test_sprint04_adversarial::test_coupon_cashback_sale_rollback_at_each_boundary[MovimentoCarteiraCliente]|tests.test_sprint04_adversarial::test_coupon_cashback_sale_rollback_at_each_boundary[MovimentoEstoque]|tests.test_sprint04_adversarial::test_coupon_cashback_sale_rollback_at_each_boundary[OperacaoIdempotente]|tests.test_sprint04_adversarial::test_coupon_cashback_sale_rollback_at_each_boundary[PagamentoVenda]|tests.test_sprint04_adversarial::test_coupon_cashback_sale_rollback_at_each_boundary[Venda]|tests.test_sprint04_adversarial::test_coupon_expiry_at_brazil_day_boundary[-1-False]|tests.test_sprint04_adversarial::test_coupon_expiry_at_brazil_day_boundary[0-True]|tests.test_sprint04_adversarial::test_coupon_expiry_at_brazil_day_boundary[1-True]|tests.test_sprint04_adversarial::test_duplicate_lines_last_stock_concurrency_and_reconciliation[ATACADO-3-24]|tests.test_sprint04_adversarial::test_duplicate_lines_last_stock_concurrency_and_reconciliation[AUTOMATICO-2-20]|tests.test_sprint04_adversarial::test_duplicate_lines_last_stock_concurrency_and_reconciliation[AUTOMATICO-3-24]|tests.test_sprint04_adversarial::test_duplicate_lines_last_stock_concurrency_and_reconciliation[VAREJO-3-30]|tests.test_sprint04_adversarial::test_sale_identifiers_cannot_be_truncated_into_another_record[boolean-cliente_id]|tests.test_sprint04_adversarial::test_sale_identifiers_cannot_be_truncated_into_another_record[boolean-empresa_id]|tests.test_sprint04_adversarial::test_sale_identifiers_cannot_be_truncated_into_another_record[boolean-forma_pagamento_id]|tests.test_sprint04_adversarial::test_sale_identifiers_cannot_be_truncated_into_another_record[boolean-produto_id]|tests.test_sprint04_adversarial::test_sale_identifiers_cannot_be_truncated_into_another_record[fraction-cliente_id]|tests.test_sprint04_adversarial::test_sale_identifiers_cannot_be_truncated_into_another_record[fraction-empresa_id]|tests.test_sprint04_adversarial::test_sale_identifiers_cannot_be_truncated_into_another_record[fraction-forma_pagamento_id]|tests.test_sprint04_adversarial::test_sale_identifiers_cannot_be_truncated_into_another_record[fraction-produto_id]|tests.test_sprint04_adversarial::test_sale_replay_divergent_payload_leaves_all_tables_unchanged[cashback_ativado-False]|tests.test_sprint04_adversarial::test_sale_replay_divergent_payload_leaves_all_tables_unchanged[cupom_codigo-OTHER]|tests.test_sprint04_adversarial::test_sale_replay_divergent_payload_leaves_all_tables_unchanged[desconto_manual-0.01]|tests.test_sprint04_adversarial::test_sale_replay_divergent_payload_leaves_all_tables_unchanged[modalidade_preco-AUTOMATICO]|tests.test_sprint04_operations::test_automatic_wholesale_uses_combined_quantity_across_lines|tests.test_sprint04_operations::test_coupon_last_use_is_serialized_in_postgresql|tests.test_sprint04_operations::test_coupon_rounding_cap_customer_and_historical_usage|tests.test_sprint04_operations::test_coupon_use_rollback_then_retry|tests.test_sprint04_operations::test_customer_coupon_limit_concurrent_sales|tests.test_sprint04_operations::test_full_cancel_after_partial_is_atomic_idempotent_and_conserves_money|tests.test_sprint04_operations::test_global_coupon_usage_cannot_be_hidden_by_company_scope|tests.test_sprint04_operations::test_invalid_quantities_leave_no_effects[-1]|tests.test_sprint04_operations::test_invalid_quantities_leave_no_effects[0]|tests.test_sprint04_operations::test_invalid_quantities_leave_no_effects[1.0]|tests.test_sprint04_operations::test_invalid_quantities_leave_no_effects[1.1]|tests.test_sprint04_operations::test_invalid_quantities_leave_no_effects[Infinity]|tests.test_sprint04_operations::test_invalid_quantities_leave_no_effects[NaN]|tests.test_sprint04_operations::test_invalid_quantities_leave_no_effects[None]|tests.test_sprint04_operations::test_invalid_quantities_leave_no_effects[True]|tests.test_sprint04_operations::test_pricing_contract_and_exact_payments[ATACADO-3-24.00-ATACADO]|tests.test_sprint04_operations::test_pricing_contract_and_exact_payments[AUTOMATICO-2-20.00-VAREJO]|tests.test_sprint04_operations::test_pricing_contract_and_exact_payments[AUTOMATICO-3-24.00-ATACADO]|tests.test_sprint04_operations::test_pricing_contract_and_exact_payments[VAREJO-3-30.00-VAREJO]|tests.test_sprint04_operations::test_receipt_reprints_have_no_business_side_effects|tests.test_sprint04_operations::test_sale_and_alert_outbox_rollback_together|tests.test_sprint04_operations::test_sale_enforces_coupon_period_company_minimum_identity[rules0]|tests.test_sprint04_operations::test_sale_enforces_coupon_period_company_minimum_identity[rules1]|tests.test_sprint04_operations::test_sale_enforces_coupon_period_company_minimum_identity[rules2]|tests.test_sprint04_operations::test_sale_enforces_coupon_period_company_minimum_identity[rules3]|tests.test_sprint04_operations::test_split_payments_reject_loss_creation_or_zero[payments0]|tests.test_sprint04_operations::test_split_payments_reject_loss_creation_or_zero[payments1]|tests.test_sprint04_operations::test_split_payments_reject_loss_creation_or_zero[payments2]|tests.test_sprint04_operations::test_split_payments_reject_loss_creation_or_zero[payments3]|tests.test_sprint04_operations::test_zero_total_cannot_silently_discard_payments|tests.test_sprint05_adversarial::test_cashback_use_expire_cancel_race|tests.test_sprint05_adversarial::test_privacy_failure_rolls_back_all_operational_copies[audit]|tests.test_sprint05_adversarial::test_privacy_failure_rolls_back_all_operational_copies[cache]|tests.test_sprint05_adversarial::test_privacy_failure_rolls_back_all_operational_copies[commit]|tests.test_sprint05_adversarial::test_privacy_failure_rolls_back_all_operational_copies[customer]|tests.test_sprint05_adversarial::test_privacy_failure_rolls_back_all_operational_copies[message]|tests.test_sprint05_adversarial::test_reconciliation_detects_extra_entry_and_refuses_close|tests.test_sprint05_adversarial::test_reconciliation_over_1000_and_local_midnight|tests.test_sprint05_cycles::test_anonymized_idempotent_sale_cannot_reveal_customer_again|tests.test_sprint05_cycles::test_cashback_expiration_concurrency_and_consumption|tests.test_sprint05_cycles::test_cashback_processing_is_idempotent_and_checks_payload|tests.test_sprint05_cycles::test_cashback_queue_and_sale_are_one_transaction|tests.test_sprint05_cycles::test_cashback_spend_partial_full_cancel_reconciles|tests.test_sprint05_cycles::test_consent_export_anonymization_preserves_obligations|tests.test_sprint05_cycles::test_expired_unused_credit_does_not_prevent_sale_cancellation[False]|tests.test_sprint05_cycles::test_expired_unused_credit_does_not_prevent_sale_cancellation[True]|tests.test_sprint06_data_adversarial::test_audit_pagination_survives_insert_and_reaches_end|tests.test_sprint06_data_adversarial::test_audit_runtime_role_rejects_update_delete_and_truncate|tests.test_sprint06_load_adversarial::test_critical_list_query_count_does_not_grow_per_sale|tests.test_sprint06_load_adversarial::test_migration_lock_failure_preserves_revision_and_sales[downgrade]|tests.test_sprint06_load_adversarial::test_migration_lock_failure_preserves_revision_and_sales[upgrade]|tests.test_sprint06_load_adversarial::test_sixteen_writers_cannot_oversell_twelve_units|tests.test_sprint06_operations::test_audit_permission_scope_pagination_and_private_projection|tests.test_sprint06_operations::test_audit_request_trace_and_lossy_downgrade_refused|tests.test_sprint06_operations::test_company_restricted_audit_excludes_global_and_other_company|tests.test_sprint07_audit::test_cashback_remains_spendable_until_brazil_midnight|tests.test_sprint07_audit::test_dashboard_partial_return_with_cashback_matches_reconciliation|tests.test_sprint07_audit::test_partial_returns_reduce_rankings_revenue_cost_and_demand|tests.test_sprint07_audit::test_reports_cash_closure_and_series_use_same_brazil_day|tests.test_sprint07_audit::test_returned_item_disappears_from_rankings_while_sale_remains_active,tests/test_sprint02_adversarial.py::test_every_api_method_enforces_auth_scope_and_csrf[anonymous]:POST:401|tests/test_sprint02_adversarial.py::test_every_api_method_enforces_auth_scope_and_csrf[missing_csrf]:POST:401|tests/test_sprint02_adversarial.py::test_every_api_method_enforces_auth_scope_and_csrf[wrong_scope]:POST:403|tests/test_sprint02_security.py::test_every_api_requires_auth_except_health_and_disabled_webhook:POST:401|tests/test_sprint03_adversarial.py::test_cashback_without_customer_cannot_reduce_payment:POST:400|tests/test_sprint03_transactions.py::test_http_sale_requires_key_and_replays_same_business_response:POST:201|tests/test_sprint03_transactions.py::test_http_sale_requires_key_and_replays_same_business_response:POST:400|tests/test_sprint04_operations.py::test_global_coupon_usage_cannot_be_hidden_by_company_scope:POST:400|tests/test_sprint04_operations.py::test_manual_discount_permissions_and_limits[None-0.01-False]:POST:400|tests/test_sprint04_operations.py::test_manual_discount_permissions_and_limits[aplicar_desconto-1.00-True]:POST:201|tests/test_sprint04_operations.py::test_manual_discount_permissions_and_limits[aplicar_desconto-1.01-False]:POST:400|tests/test_sprint04_operations.py::test_manual_discount_permissions_and_limits[autorizar_desconto-9.99-True]:POST:201,regression/junit.xml|retest/junit.xml|regression/http-route-coverage.json|auditoria-modulos.md|auditoria-ui.md,Static service linkage is not route-level HTTP coverage; see audit and browser evidence. Vinculo estatico de servico; nao comprova cobertura HTTP desta rota
PDV-01 Vendas e cancelamentos,GET,/api/pdv/vendas,pdv.listar_vendas,AcessoEmpresaService.obter_escopo|PdvService.listar_vendas,tests.test_sprint02_security::test_cross_tenant_foreign_keys_and_company_admin_scope|tests.test_sprint02_security::test_import_quota_partial_rows_updates_and_password_policy[funcionarios-limite_funcionarios-1]|tests.test_sprint02_security::test_import_quota_partial_rows_updates_and_password_policy[produtos-limite_produtos-0]|tests.test_sprint02_security::test_nonadmin_cannot_grant_roles_or_import_staff_even_with_permission,tests/test_sprint02_adversarial.py::test_every_api_method_enforces_auth_scope_and_csrf[anonymous]:GET:401|tests/test_sprint02_adversarial.py::test_every_api_method_enforces_auth_scope_and_csrf[wrong_scope]:GET:403|tests/test_sprint02_security.py::test_every_api_requires_auth_except_health_and_disabled_webhook:GET:401|tests/test_sprint06_load_adversarial.py::test_critical_list_query_count_does_not_grow_per_sale:GET:200,regression/junit.xml|retest/junit.xml|regression/http-route-coverage.json|auditoria-modulos.md|auditoria-ui.md,Static service linkage is not route-level HTTP coverage; see audit and browser evidence. Vinculo estatico de servico; nao comprova cobertura HTTP desta rota
PDV-01 Vendas e cancelamentos,POST,/api/pdv/vendas/<int:venda_id>/cancelar,pdv.cancelar_venda,AcessoEmpresaService.obter_escopo|AuditService.registrar|PdvService.cancelar_venda,tests.test_sprint02_security::test_cross_tenant_foreign_keys_and_company_admin_scope|tests.test_sprint02_security::test_import_quota_partial_rows_updates_and_password_policy[funcionarios-limite_funcionarios-1]|tests.test_sprint02_security::test_import_quota_partial_rows_updates_and_password_policy[produtos-limite_produtos-0]|tests.test_sprint02_security::test_nonadmin_cannot_grant_roles_or_import_staff_even_with_permission|tests.test_sprint03_adversarial::test_cancel_rollback_at_each_persisted_stage[LancamentoFinanceiro-after_insert-False]|tests.test_sprint03_adversarial::test_cancel_rollback_at_each_persisted_stage[LancamentoFinanceiro-after_insert-True]|tests.test_sprint03_adversarial::test_cancel_rollback_at_each_persisted_stage[MovimentoEstoque-after_insert-False]|tests.test_sprint03_adversarial::test_cancel_rollback_at_each_persisted_stage[MovimentoEstoque-after_insert-True]|tests.test_sprint03_adversarial::test_cancel_rollback_at_each_persisted_stage[OperacaoIdempotente-after_insert-False]|tests.test_sprint03_adversarial::test_cancel_rollback_at_each_persisted_stage[OperacaoIdempotente-after_insert-True]|tests.test_sprint03_adversarial::test_cancel_rollback_at_each_persisted_stage[Venda-after_update-False]|tests.test_sprint03_adversarial::test_cancel_rollback_at_each_persisted_stage[Venda-after_update-True]|tests.test_sprint03_adversarial::test_idempotency_replay_rechecks_company_access[cancel]|tests.test_sprint03_adversarial::test_idempotency_replay_rechecks_company_access[sale]|tests.test_sprint03_adversarial::test_simultaneous_full_and_partial_cancellation|tests.test_sprint03_faults::test_postgresql_orphan_and_ledger_audit_after_mixed_operations|tests.test_sprint03_transactions::test_cancel_failure_restores_sale_stock_finance_and_idempotency|tests.test_sprint03_transactions::test_full_cancellation_and_stock_callback_replays|tests.test_sprint04_adversarial::test_duplicate_lines_last_stock_concurrency_and_reconciliation[ATACADO-3-24]|tests.test_sprint04_adversarial::test_duplicate_lines_last_stock_concurrency_and_reconciliation[AUTOMATICO-2-20]|tests.test_sprint04_adversarial::test_duplicate_lines_last_stock_concurrency_and_reconciliation[AUTOMATICO-3-24]|tests.test_sprint04_adversarial::test_duplicate_lines_last_stock_concurrency_and_reconciliation[VAREJO-3-30]|tests.test_sprint04_operations::test_coupon_rounding_cap_customer_and_historical_usage|tests.test_sprint04_operations::test_full_cancel_after_partial_is_atomic_idempotent_and_conserves_money|tests.test_sprint05_adversarial::test_cashback_use_expire_cancel_race|tests.test_sprint05_cycles::test_cashback_spend_partial_full_cancel_reconciles|tests.test_sprint05_cycles::test_expired_unused_credit_does_not_prevent_sale_cancellation[False]|tests.test_sprint05_cycles::test_expired_unused_credit_does_not_prevent_sale_cancellation[True]|tests.test_sprint06_data_adversarial::test_audit_pagination_survives_insert_and_reaches_end|tests.test_sprint06_data_adversarial::test_audit_runtime_role_rejects_update_delete_and_truncate|tests.test_sprint06_operations::test_audit_permission_scope_pagination_and_private_projection|tests.test_sprint06_operations::test_audit_request_trace_and_lossy_downgrade_refused|tests.test_sprint06_operations::test_company_restricted_audit_excludes_global_and_other_company|tests.test_sprint07_audit::test_partial_returns_reduce_rankings_revenue_cost_and_demand,tests/test_sprint02_adversarial.py::test_every_api_method_enforces_auth_scope_and_csrf[anonymous]:POST:401|tests/test_sprint02_adversarial.py::test_every_api_method_enforces_auth_scope_and_csrf[missing_csrf]:POST:401|tests/test_sprint02_adversarial.py::test_every_api_method_enforces_auth_scope_and_csrf[wrong_scope]:POST:403|tests/test_sprint02_adversarial.py::test_foreign_resource_ids_cannot_read_modify_or_delete:POST:400|tests/test_sprint02_security.py::test_every_api_requires_auth_except_health_and_disabled_webhook:POST:401,regression/junit.xml|retest/junit.xml|regression/http-route-coverage.json|auditoria-modulos.md|auditoria-ui.md,Static service linkage is not route-level HTTP coverage; see audit and browser evidence. Vinculo estatico de servico; nao comprova cobertura HTTP desta rota
PDV-01 Vendas e cancelamentos,GET,/api/pdv/vendas/<int:venda_id>/comprovante,pdv.comprovante_venda,AcessoEmpresaService.obter_escopo|PdvService.obter_venda,tests.test_sprint02_security::test_cross_tenant_foreign_keys_and_company_admin_scope|tests.test_sprint02_security::test_import_quota_partial_rows_updates_and_password_policy[funcionarios-limite_funcionarios-1]|tests.test_sprint02_security::test_import_quota_partial_rows_updates_and_password_policy[produtos-limite_produtos-0]|tests.test_sprint02_security::test_nonadmin_cannot_grant_roles_or_import_staff_even_with_permission,tests/test_sprint02_adversarial.py::test_every_api_method_enforces_auth_scope_and_csrf[anonymous]:GET:401|tests/test_sprint02_adversarial.py::test_every_api_method_enforces_auth_scope_and_csrf[wrong_scope]:GET:403|tests/test_sprint02_adversarial.py::test_foreign_resource_ids_cannot_read_modify_or_delete:GET:400|tests/test_sprint02_security.py::test_every_api_requires_auth_except_health_and_disabled_webhook:GET:401|tests/test_sprint04_operations.py::test_receipt_reprints_have_no_business_side_effects:GET:200,regression/junit.xml|retest/junit.xml|regression/http-route-coverage.json|auditoria-modulos.md|auditoria-ui.md,Static service linkage is not route-level HTTP coverage; see audit and browser evidence. Vinculo estatico de servico; nao comprova cobertura HTTP desta rota
PDV-01 Vendas e cancelamentos,POST,/api/pdv/vendas/<int:venda_id>/itens/<int:item_id>/cancelar,pdv.cancelar_item_venda,AcessoEmpresaService.obter_escopo|AuditService.registrar|PdvService.cancelar_item_venda,tests.test_sprint02_security::test_cross_tenant_foreign_keys_and_company_admin_scope|tests.test_sprint02_security::test_import_quota_partial_rows_updates_and_password_policy[funcionarios-limite_funcionarios-1]|tests.test_sprint02_security::test_import_quota_partial_rows_updates_and_password_policy[produtos-limite_produtos-0]|tests.test_sprint02_security::test_nonadmin_cannot_grant_roles_or_import_staff_even_with_permission|tests.test_sprint03_adversarial::test_cancel_rollback_at_each_persisted_stage[LancamentoFinanceiro-after_insert-False]|tests.test_sprint03_adversarial::test_cancel_rollback_at_each_persisted_stage[LancamentoFinanceiro-after_insert-True]|tests.test_sprint03_adversarial::test_cancel_rollback_at_each_persisted_stage[MovimentoEstoque-after_insert-False]|tests.test_sprint03_adversarial::test_cancel_rollback_at_each_persisted_stage[MovimentoEstoque-after_insert-True]|tests.test_sprint03_adversarial::test_cancel_rollback_at_each_persisted_stage[OperacaoIdempotente-after_insert-False]|tests.test_sprint03_adversarial::test_cancel_rollback_at_each_persisted_stage[OperacaoIdempotente-after_insert-True]|tests.test_sprint03_adversarial::test_cancel_rollback_at_each_persisted_stage[Venda-after_update-False]|tests.test_sprint03_adversarial::test_cancel_rollback_at_each_persisted_stage[Venda-after_update-True]|tests.test_sprint03_adversarial::test_partial_refunds_conserve_every_cent[False-0.01]|tests.test_sprint03_adversarial::test_partial_refunds_conserve_every_cent[False-0.02]|tests.test_sprint03_adversarial::test_partial_refunds_conserve_every_cent[False-29.99]|tests.test_sprint03_adversarial::test_partial_refunds_conserve_every_cent[True-0.01]|tests.test_sprint03_adversarial::test_partial_refunds_conserve_every_cent[True-0.02]|tests.test_sprint03_adversarial::test_partial_refunds_conserve_every_cent[True-29.99]|tests.test_sprint03_adversarial::test_partial_refunds_restore_each_consumed_credit_exactly|tests.test_sprint03_adversarial::test_partial_refunds_revoke_all_generated_cashback|tests.test_sprint03_adversarial::test_refunds_do_not_overpay_individual_payment_sources|tests.test_sprint03_adversarial::test_simultaneous_full_and_partial_cancellation|tests.test_sprint03_transactions::test_sale_and_partial_cancellation_replay_concurrently|tests.test_sprint04_operations::test_full_cancel_after_partial_is_atomic_idempotent_and_conserves_money|tests.test_sprint05_cycles::test_cashback_spend_partial_full_cancel_reconciles|tests.test_sprint05_cycles::test_expired_unused_credit_does_not_prevent_sale_cancellation[False]|tests.test_sprint05_cycles::test_expired_unused_credit_does_not_prevent_sale_cancellation[True]|tests.test_sprint06_data_adversarial::test_audit_pagination_survives_insert_and_reaches_end|tests.test_sprint06_data_adversarial::test_audit_runtime_role_rejects_update_delete_and_truncate|tests.test_sprint06_operations::test_audit_permission_scope_pagination_and_private_projection|tests.test_sprint06_operations::test_audit_request_trace_and_lossy_downgrade_refused|tests.test_sprint06_operations::test_company_restricted_audit_excludes_global_and_other_company|tests.test_sprint07_audit::test_dashboard_partial_return_with_cashback_matches_reconciliation|tests.test_sprint07_audit::test_partial_returns_reduce_rankings_revenue_cost_and_demand|tests.test_sprint07_audit::test_returned_item_disappears_from_rankings_while_sale_remains_active,tests/test_sprint02_adversarial.py::test_every_api_method_enforces_auth_scope_and_csrf[anonymous]:POST:401|tests/test_sprint02_adversarial.py::test_every_api_method_enforces_auth_scope_and_csrf[missing_csrf]:POST:401|tests/test_sprint02_adversarial.py::test_every_api_method_enforces_auth_scope_and_csrf[wrong_scope]:POST:403|tests/test_sprint02_security.py::test_every_api_requires_auth_except_health_and_disabled_webhook:POST:401|tests/test_sprint03_transactions.py::test_http_sale_requires_key_and_replays_same_business_response:POST:200|tests/test_sprint03_transactions.py::test_http_sale_requires_key_and_replays_same_business_response:POST:400,regression/junit.xml|retest/junit.xml|regression/http-route-coverage.json|auditoria-modulos.md|auditoria-ui.md,Static service linkage is not route-level HTTP coverage; see audit and browser evidence. Vinculo estatico de servico; nao comprova cobertura HTTP desta rota
PDV-01 Vendas e cancelamentos,GET,/api/pdv/view,pdv.pagina,template/decorator/helper/consulta direta,,tests/test_sprint02_adversarial.py::test_every_api_method_enforces_auth_scope_and_csrf[anonymous]:GET:401|tests/test_sprint02_adversarial.py::test_every_api_method_enforces_auth_scope_and_csrf[wrong_scope]:GET:302|tests/test_sprint02_security.py::test_every_api_requires_auth_except_health_and_disabled_webhook:GET:401,regression/junit.xml|retest/junit.xml|regression/http-route-coverage.json|auditoria-modulos.md|auditoria-ui.md,Static service linkage is not route-level HTTP coverage; see audit and browser evidence. Vinculo estatico de servico; nao comprova cobertura HTTP desta rota
AUTH-03 Permissoes,POST,/api/permissions/,permission.criar,PermissionService.criar,,tests/test_sprint02_adversarial.py::test_every_api_method_enforces_auth_scope_and_csrf[anonymous]:POST:401|tests/test_sprint02_adversarial.py::test_every_api_method_enforces_auth_scope_and_csrf[missing_csrf]:POST:401|tests/test_sprint02_adversarial.py::test_every_api_method_enforces_auth_scope_and_csrf[wrong_scope]:POST:403|tests/test_sprint02_security.py::test_every_api_requires_auth_except_health_and_disabled_webhook:POST:401|tests/test_sprint02_security.py::test_nonadmin_cannot_grant_roles_or_import_staff_even_with_permission:POST:403,regression/junit.xml|retest/junit.xml|regression/http-route-coverage.json|auditoria-modulos.md|auditoria-ui.md,Static service linkage is not route-level HTTP coverage; see audit and browser evidence. Vinculo estatico de servico; nao comprova cobertura HTTP desta rota
AUTH-03 Permissoes,GET,/api/permissions/,permission.listar,PermissionService.listar,,tests/test_sprint02_adversarial.py::test_every_api_method_enforces_auth_scope_and_csrf[anonymous]:GET:401|tests/test_sprint02_adversarial.py::test_every_api_method_enforces_auth_scope_and_csrf[wrong_scope]:GET:403|tests/test_sprint02_adversarial.py::test_foreign_resource_ids_cannot_read_modify_or_delete:GET:200|tests/test_sprint02_security.py::test_every_api_requires_auth_except_health_and_disabled_webhook:GET:401,regression/junit.xml|retest/junit.xml|regression/http-route-coverage.json|auditoria-modulos.md|auditoria-ui.md,Static service linkage is not route-level HTTP coverage; see audit and browser evidence. Vinculo estatico de servico; nao comprova cobertura HTTP desta rota
AUTH-03 Permissoes,PUT,/api/permissions/<int:permission_id>,permission.atualizar,PermissionService.atualizar,,tests/test_sprint02_adversarial.py::test_every_api_method_enforces_auth_scope_and_csrf[anonymous]:PUT:401|tests/test_sprint02_adversarial.py::test_every_api_method_enforces_auth_scope_and_csrf[missing_csrf]:PUT:401|tests/test_sprint02_adversarial.py::test_every_api_method_enforces_auth_scope_and_csrf[wrong_scope]:PUT:403|tests/test_sprint02_adversarial.py::test_foreign_resource_ids_cannot_read_modify_or_delete:PUT:400|tests/test_sprint02_security.py::test_every_api_requires_auth_except_health_and_disabled_webhook:PUT:401,regression/junit.xml|retest/junit.xml|regression/http-route-coverage.json|auditoria-modulos.md|auditoria-ui.md,Static service linkage is not route-level HTTP coverage; see audit and browser evidence. Vinculo estatico de servico; nao comprova cobertura HTTP desta rota
AUTH-03 Permissoes,DELETE,/api/permissions/<int:permission_id>,permission.deletar,PermissionService.deletar,,tests/test_sprint02_adversarial.py::test_every_api_method_enforces_auth_scope_and_csrf[anonymous]:DELETE:401|tests/test_sprint02_adversarial.py::test_every_api_method_enforces_auth_scope_and_csrf[missing_csrf]:DELETE:401|tests/test_sprint02_adversarial.py::test_every_api_method_enforces_auth_scope_and_csrf[wrong_scope]:DELETE:403|tests/test_sprint02_adversarial.py::test_foreign_resource_ids_cannot_read_modify_or_delete:DELETE:400|tests/test_sprint02_security.py::test_every_api_requires_auth_except_health_and_disabled_webhook:DELETE:401,regression/junit.xml|retest/junit.xml|regression/http-route-coverage.json|auditoria-modulos.md|auditoria-ui.md,Static service linkage is not route-level HTTP coverage; see audit and browser evidence. Vinculo estatico de servico; nao comprova cobertura HTTP desta rota
AUTH-03 Permissoes,GET,/api/permissions/view,permission.pagina,template/decorator/helper/consulta direta,,tests/test_sprint02_adversarial.py::test_every_api_method_enforces_auth_scope_and_csrf[anonymous]:GET:401|tests/test_sprint02_adversarial.py::test_every_api_method_enforces_auth_scope_and_csrf[wrong_scope]:GET:302|tests/test_sprint02_security.py::test_every_api_requires_auth_except_health_and_disabled_webhook:GET:401,regression/junit.xml|retest/junit.xml|regression/http-route-coverage.json|auditoria-modulos.md|auditoria-ui.md,Static service linkage is not route-level HTTP coverage; see audit and browser evidence. Vinculo estatico de servico; nao comprova cobertura HTTP desta rota
SAAS-01 Administracao de tenants,GET,/api/platform/planos,platform.listar_planos,template/decorator/helper/consulta direta,,tests/test_sprint02_adversarial.py::test_every_api_method_enforces_auth_scope_and_csrf[anonymous]:GET:401|tests/test_sprint02_adversarial.py::test_every_api_method_enforces_auth_scope_and_csrf[wrong_scope]:GET:403|tests/test_sprint02_security.py::test_every_api_requires_auth_except_health_and_disabled_webhook:GET:401,regression/junit.xml|retest/junit.xml|regression/http-route-coverage.json|auditoria-modulos.md|auditoria-ui.md,Static service linkage is not route-level HTTP coverage; see audit and browser evidence. Vinculo estatico de servico; nao comprova cobertura HTTP desta rota
SAAS-01 Administracao de tenants,POST,/api/platform/tenants,platform.criar_tenant,PlatformService.criar_tenant,,tests/test_sprint02_adversarial.py::test_every_api_method_enforces_auth_scope_and_csrf[anonymous]:POST:401|tests/test_sprint02_adversarial.py::test_every_api_method_enforces_auth_scope_and_csrf[missing_csrf]:POST:401|tests/test_sprint02_adversarial.py::test_every_api_method_enforces_auth_scope_and_csrf[wrong_scope]:POST:403|tests/test_sprint02_security.py::test_every_api_requires_auth_except_health_and_disabled_webhook:POST:401,regression/junit.xml|retest/junit.xml|regression/http-route-coverage.json|auditoria-modulos.md|auditoria-ui.md,Static service linkage is not route-level HTTP coverage; see audit and browser evidence. Vinculo estatico de servico; nao comprova cobertura HTTP desta rota
SAAS-01 Administracao de tenants,GET,/api/platform/tenants,platform.listar_tenants,PlatformService.listar_tenants,,tests/test_sprint02_adversarial.py::test_every_api_method_enforces_auth_scope_and_csrf[anonymous]:GET:401|tests/test_sprint02_adversarial.py::test_every_api_method_enforces_auth_scope_and_csrf[wrong_scope]:GET:403|tests/test_sprint02_security.py::test_every_api_requires_auth_except_health_and_disabled_webhook:GET:401|tests/test_sprint02_security.py::test_http_cross_tenant_crud_reset_and_platform_boundary:GET:403,regression/junit.xml|retest/junit.xml|regression/http-route-coverage.json|auditoria-modulos.md|auditoria-ui.md,Static service linkage is not route-level HTTP coverage; see audit and browser evidence. Vinculo estatico de servico; nao comprova cobertura HTTP desta rota
SAAS-01 Administracao de tenants,POST,/api/platform/tenants/<int:tenant_id>/admins,platform.criar_admin,PlatformService.criar_admin,,tests/test_sprint02_adversarial.py::test_every_api_method_enforces_auth_scope_and_csrf[anonymous]:POST:401|tests/test_sprint02_adversarial.py::test_every_api_method_enforces_auth_scope_and_csrf[missing_csrf]:POST:401|tests/test_sprint02_adversarial.py::test_every_api_method_enforces_auth_scope_and_csrf[wrong_scope]:POST:403|tests/test_sprint02_security.py::test_every_api_requires_auth_except_health_and_disabled_webhook:POST:401|tests/test_sprint07_audit.py::test_http_identifiers_never_select_a_different_record[1.5-platform_company]:POST:400|tests/test_sprint07_audit.py::test_http_identifiers_never_select_a_different_record[True-platform_company]:POST:400,regression/junit.xml|retest/junit.xml|regression/http-route-coverage.json|auditoria-modulos.md|auditoria-ui.md,Static service linkage is not route-level HTTP coverage; see audit and browser evidence. Vinculo estatico de servico; nao comprova cobertura HTTP desta rota
SAAS-01 Administracao de tenants,PUT,/api/platform/tenants/<int:tenant_id>/assinatura,platform.atualizar_assinatura,PlatformService.atualizar_assinatura,tests.test_sprint02_security::test_trial_missing_expired_and_last_day_consistent,tests/test_sprint02_adversarial.py::test_every_api_method_enforces_auth_scope_and_csrf[anonymous]:PUT:401|tests/test_sprint02_adversarial.py::test_every_api_method_enforces_auth_scope_and_csrf[missing_csrf]:PUT:401|tests/test_sprint02_adversarial.py::test_every_api_method_enforces_auth_scope_and_csrf[wrong_scope]:PUT:403|tests/test_sprint02_security.py::test_every_api_requires_auth_except_health_and_disabled_webhook:PUT:401,regression/junit.xml|retest/junit.xml|regression/http-route-coverage.json|auditoria-modulos.md|auditoria-ui.md,Static service linkage is not route-level HTTP coverage; see audit and browser evidence. Vinculo estatico de servico; nao comprova cobertura HTTP desta rota
SAAS-01 Administracao de tenants,POST,/api/platform/tenants/<int:tenant_id>/empresas,platform.criar_empresa,PlatformService.criar_empresa,,tests/test_sprint02_adversarial.py::test_every_api_method_enforces_auth_scope_and_csrf[anonymous]:POST:401|tests/test_sprint02_adversarial.py::test_every_api_method_enforces_auth_scope_and_csrf[missing_csrf]:POST:401|tests/test_sprint02_adversarial.py::test_every_api_method_enforces_auth_scope_and_csrf[wrong_scope]:POST:403|tests/test_sprint02_security.py::test_every_api_requires_auth_except_health_and_disabled_webhook:POST:401,regression/junit.xml|retest/junit.xml|regression/http-route-coverage.json|auditoria-modulos.md|auditoria-ui.md,Static service linkage is not route-level HTTP coverage; see audit and browser evidence. Vinculo estatico de servico; nao comprova cobertura HTTP desta rota
SAAS-01 Administracao de tenants,PUT,/api/platform/tenants/<int:tenant_id>/empresas/<int:empresa_id>/visual,platform.atualizar_visual_empresa,PlatformService.atualizar_visual_empresa,,tests/test_sprint02_adversarial.py::test_every_api_method_enforces_auth_scope_and_csrf[anonymous]:PUT:401|tests/test_sprint02_adversarial.py::test_every_api_method_enforces_auth_scope_and_csrf[missing_csrf]:PUT:401|tests/test_sprint02_adversarial.py::test_every_api_method_enforces_auth_scope_and_csrf[wrong_scope]:PUT:403|tests/test_sprint02_security.py::test_every_api_requires_auth_except_health_and_disabled_webhook:PUT:401,regression/junit.xml|retest/junit.xml|regression/http-route-coverage.json|auditoria-modulos.md|auditoria-ui.md,Static service linkage is not route-level HTTP coverage; see audit and browser evidence. Vinculo estatico de servico; nao comprova cobertura HTTP desta rota
CAD-01 Produtos,POST,/api/produtos/,produto.criar,AcessoEmpresaService.obter_escopo|ProdutoService.criar,tests.test_sprint02_security::test_cross_tenant_foreign_keys_and_company_admin_scope|tests.test_sprint02_security::test_import_quota_partial_rows_updates_and_password_policy[funcionarios-limite_funcionarios-1]|tests.test_sprint02_security::test_import_quota_partial_rows_updates_and_password_policy[produtos-limite_produtos-0]|tests.test_sprint02_security::test_nonadmin_cannot_grant_roles_or_import_staff_even_with_permission|tests.test_sprint03_transactions::test_deactivation_is_local_to_product_company|tests.test_sprint03_transactions::test_product_multiple_companies_preserves_balances_and_quota,tests/test_permissions_security.py::PermissionsSecurityTestCase::test_authenticated_write_requires_csrf_token:POST:400|tests/test_permissions_security.py::PermissionsSecurityTestCase::test_authenticated_write_requires_csrf_token:POST:401|tests/test_sprint02_adversarial.py::test_every_api_method_enforces_auth_scope_and_csrf[anonymous]:POST:401|tests/test_sprint02_adversarial.py::test_every_api_method_enforces_auth_scope_and_csrf[missing_csrf]:POST:401|tests/test_sprint02_adversarial.py::test_every_api_method_enforces_auth_scope_and_csrf[wrong_scope]:POST:403|tests/test_sprint02_security.py::test_every_api_requires_auth_except_health_and_disabled_webhook:POST:401|tests/test_sprint03_adversarial.py::test_money_boundary_is_client_error_and_atomic[-Infinity]:POST:400|tests/test_sprint03_adversarial.py::test_money_boundary_is_client_error_and_atomic[1e1000]:POST:400|tests/test_sprint03_adversarial.py::test_money_boundary_is_client_error_and_atomic[9999999999.999]:POST:400|tests/test_sprint03_adversarial.py::test_money_boundary_is_client_error_and_atomic[Infinity]:POST:400|tests/test_sprint03_adversarial.py::test_money_boundary_is_client_error_and_atomic[NaN]:POST:400|tests/test_sprint03_adversarial.py::test_money_boundary_is_client_error_and_atomic[sNaN]:POST:400|tests/test_sprint07_audit.py::test_http_identifiers_never_select_a_different_record[1.5-product_category]:POST:400|tests/test_sprint07_audit.py::test_http_identifiers_never_select_a_different_record[1.5-product_company]:POST:400|tests/test_sprint07_audit.py::test_http_identifiers_never_select_a_different_record[True-product_category]:POST:400|tests/test_sprint07_audit.py::test_http_identifiers_never_select_a_different_record[True-product_company]:POST:400|tests/test_sprint07_audit.py::test_string_identifiers_preserve_valid_employee_product_and_stock_flow:POST:201,regression/junit.xml|retest/junit.xml|regression/http-route-coverage.json|auditoria-modulos.md|auditoria-ui.md,Static service linkage is not route-level HTTP coverage; see audit and browser evidence. Vinculo estatico de servico; nao comprova cobertura HTTP desta rota
CAD-01 Produtos,GET,/api/produtos/,produto.listar,AcessoEmpresaService.obter_escopo|ProdutoService.listar,tests.test_sprint02_security::test_cross_tenant_foreign_keys_and_company_admin_scope|tests.test_sprint02_security::test_import_quota_partial_rows_updates_and_password_policy[funcionarios-limite_funcionarios-1]|tests.test_sprint02_security::test_import_quota_partial_rows_updates_and_password_policy[produtos-limite_produtos-0]|tests.test_sprint02_security::test_nonadmin_cannot_grant_roles_or_import_staff_even_with_permission,tests/test_sprint02_adversarial.py::test_database_failures_deny_auth_and_leave_session_recoverable[limiter]:GET:200|tests/test_sprint02_adversarial.py::test_database_failures_deny_auth_and_leave_session_recoverable[logout]:GET:200|tests/test_sprint02_adversarial.py::test_database_failures_deny_auth_and_leave_session_recoverable[session]:GET:200|tests/test_sprint02_adversarial.py::test_database_failures_deny_auth_and_leave_session_recoverable[session]:GET:500|tests/test_sprint02_adversarial.py::test_every_api_method_enforces_auth_scope_and_csrf[anonymous]:GET:401|tests/test_sprint02_adversarial.py::test_every_api_method_enforces_auth_scope_and_csrf[wrong_scope]:GET:403|tests/test_sprint02_adversarial.py::test_foreign_resource_ids_cannot_read_modify_or_delete:GET:200|tests/test_sprint02_adversarial.py::test_modified_unsigned_claims_cannot_authenticate[auth_scope-platform]:GET:422|tests/test_sprint02_adversarial.py::test_modified_unsigned_claims_cannot_authenticate[session_version-100]:GET:422|tests/test_sprint02_adversarial.py::test_modified_unsigned_claims_cannot_authenticate[sub-2]:GET:422|tests/test_sprint02_adversarial.py::test_modified_unsigned_claims_cannot_authenticate[tenant_id-2]:GET:422|tests/test_sprint02_adversarial.py::test_permission_and_company_revocation_apply_to_existing_cookie:GET:403|tests/test_sprint02_security.py::test_csrf_login_logout_and_replay_revocation:GET:401|tests/test_sprint02_security.py::test_deactivation_revokes_existing_cookie[tenant]:GET:401|tests/test_sprint02_security.py::test_every_api_requires_auth_except_health_and_disabled_webhook:GET:401|tests/test_sprint02_security.py::test_password_change_revokes_every_session_and_rejects_wrong_password:GET:401,regression/junit.xml|retest/junit.xml|regression/http-route-coverage.json|auditoria-modulos.md|auditoria-ui.md,Static service linkage is not route-level HTTP coverage; see audit and browser evidence. Vinculo estatico de servico; nao comprova cobertura HTTP desta rota
CAD-01 Produtos,PUT,/api/produtos/<int:produto_empresa_id>,produto.atualizar,AcessoEmpresaService.obter_escopo|ProdutoService.atualizar,tests.test_sprint02_security::test_cross_tenant_foreign_keys_and_company_admin_scope|tests.test_sprint02_security::test_import_quota_partial_rows_updates_and_password_policy[funcionarios-limite_funcionarios-1]|tests.test_sprint02_security::test_import_quota_partial_rows_updates_and_password_policy[produtos-limite_produtos-0]|tests.test_sprint02_security::test_nonadmin_cannot_grant_roles_or_import_staff_even_with_permission|tests.test_sprint03_adversarial::test_product_update_preserves_barcode_when_omitted|tests.test_sprint03_faults::test_concurrent_barcode_updates_preserve_loser|tests.test_sprint03_transactions::test_deactivation_is_local_to_product_company,tests/test_sprint02_adversarial.py::test_every_api_method_enforces_auth_scope_and_csrf[anonymous]:PUT:401|tests/test_sprint02_adversarial.py::test_every_api_method_enforces_auth_scope_and_csrf[missing_csrf]:PUT:401|tests/test_sprint02_adversarial.py::test_every_api_method_enforces_auth_scope_and_csrf[wrong_scope]:PUT:403|tests/test_sprint02_adversarial.py::test_foreign_resource_ids_cannot_read_modify_or_delete:PUT:400|tests/test_sprint02_security.py::test_every_api_requires_auth_except_health_and_disabled_webhook:PUT:401,regression/junit.xml|retest/junit.xml|regression/http-route-coverage.json|auditoria-modulos.md|auditoria-ui.md,Static service linkage is not route-level HTTP coverage; see audit and browser evidence. Vinculo estatico de servico; nao comprova cobertura HTTP desta rota
CAD-01 Produtos,DELETE,/api/produtos/<int:produto_empresa_id>,produto.deletar,AcessoEmpresaService.obter_escopo|ProdutoService.deletar,tests.test_sprint02_security::test_cross_tenant_foreign_keys_and_company_admin_scope|tests.test_sprint02_security::test_import_quota_partial_rows_updates_and_password_policy[funcionarios-limite_funcionarios-1]|tests.test_sprint02_security::test_import_quota_partial_rows_updates_and_password_policy[produtos-limite_produtos-0]|tests.test_sprint02_security::test_nonadmin_cannot_grant_roles_or_import_staff_even_with_permission|tests.test_sprint03_transactions::test_final_parent_delete_failure_restores_link[employee]|tests.test_sprint03_transactions::test_final_parent_delete_failure_restores_link[product]|tests.test_sprint03_transactions::test_product_multiple_companies_preserves_balances_and_quota,tests/test_sprint02_adversarial.py::test_every_api_method_enforces_auth_scope_and_csrf[anonymous]:DELETE:401|tests/test_sprint02_adversarial.py::test_every_api_method_enforces_auth_scope_and_csrf[missing_csrf]:DELETE:401|tests/test_sprint02_adversarial.py::test_every_api_method_enforces_auth_scope_and_csrf[wrong_scope]:DELETE:403|tests/test_sprint02_adversarial.py::test_foreign_resource_ids_cannot_read_modify_or_delete:DELETE:400|tests/test_sprint02_security.py::test_every_api_requires_auth_except_health_and_disabled_webhook:DELETE:401,regression/junit.xml|retest/junit.xml|regression/http-route-coverage.json|auditoria-modulos.md|auditoria-ui.md,Static service linkage is not route-level HTTP coverage; see audit and browser evidence. Vinculo estatico de servico; nao comprova cobertura HTTP desta rota
CAD-01 Produtos,GET,/api/produtos/auxiliares,produto.auxiliares,AcessoEmpresaService.obter_escopo|ProdutoService.listar_categorias|ProdutoService.listar_empresas,tests.test_sprint02_security::test_cross_tenant_foreign_keys_and_company_admin_scope|tests.test_sprint02_security::test_import_quota_partial_rows_updates_and_password_policy[funcionarios-limite_funcionarios-1]|tests.test_sprint02_security::test_import_quota_partial_rows_updates_and_password_policy[produtos-limite_produtos-0]|tests.test_sprint02_security::test_nonadmin_cannot_grant_roles_or_import_staff_even_with_permission,tests/test_sprint02_adversarial.py::test_every_api_method_enforces_auth_scope_and_csrf[anonymous]:GET:401|tests/test_sprint02_adversarial.py::test_every_api_method_enforces_auth_scope_and_csrf[wrong_scope]:GET:403|tests/test_sprint02_security.py::test_every_api_requires_auth_except_health_and_disabled_webhook:GET:401,regression/junit.xml|retest/junit.xml|regression/http-route-coverage.json|auditoria-modulos.md|auditoria-ui.md,Static service linkage is not route-level HTTP coverage; see audit and browser evidence. Vinculo estatico de servico; nao comprova cobertura HTTP desta rota
CAD-01 Produtos,GET,/api/produtos/view,produto.pagina,template/decorator/helper/consulta direta,,tests/test_sprint02_adversarial.py::test_every_api_method_enforces_auth_scope_and_csrf[anonymous]:GET:401|tests/test_sprint02_adversarial.py::test_every_api_method_enforces_auth_scope_and_csrf[wrong_scope]:GET:302|tests/test_sprint02_security.py::test_every_api_requires_auth_except_health_and_disabled_webhook:GET:401,regression/junit.xml|retest/junit.xml|regression/http-route-coverage.json|auditoria-modulos.md|auditoria-ui.md,Static service linkage is not route-level HTTP coverage; see audit and browser evidence. Vinculo estatico de servico; nao comprova cobertura HTTP desta rota
OPS-01 Disponibilidade,GET,/api/ready,health.readiness,template/decorator/helper/consulta direta,,tests/test_runtime.py::test_health_and_readiness_on_migrated_postgresql:GET:200|tests/test_runtime.py::test_readiness_fails_without_leaking_database_details:GET:503|tests/test_sprint02_adversarial.py::test_database_failure_is_redacted_in_readiness_logs:GET:503,regression/junit.xml|retest/junit.xml|regression/http-route-coverage.json|auditoria-modulos.md|auditoria-ui.md,Static service linkage is not route-level HTTP coverage; see audit and browser evidence. Vinculo estatico de servico; nao comprova cobertura HTTP desta rota
AUTH-02 Roles,POST,/api/roles/,role.criar,RoleService.criar,tests.test_sprint02_security::test_role_creation_and_audit_roll_back_together|tests.test_sprint03_transactions::test_parent_and_links_rollback_after_child_insert_failure[FuncionarioEmpresa-employee]|tests.test_sprint03_transactions::test_parent_and_links_rollback_after_child_insert_failure[ProdutoEmpresa-product]|tests.test_sprint03_transactions::test_parent_and_links_rollback_after_child_insert_failure[RolePermission-role]|tests.test_sprint03_transactions::test_role_replacement_failure_preserves_permissions_and_name,tests/test_sprint02_adversarial.py::test_every_api_method_enforces_auth_scope_and_csrf[anonymous]:POST:401|tests/test_sprint02_adversarial.py::test_every_api_method_enforces_auth_scope_and_csrf[missing_csrf]:POST:401|tests/test_sprint02_adversarial.py::test_every_api_method_enforces_auth_scope_and_csrf[wrong_scope]:POST:403|tests/test_sprint02_security.py::test_every_api_requires_auth_except_health_and_disabled_webhook:POST:401|tests/test_sprint02_security.py::test_nonadmin_cannot_grant_roles_or_import_staff_even_with_permission:POST:403|tests/test_sprint07_audit.py::test_http_identifiers_never_select_a_different_record[1.5-role_permission]:POST:400|tests/test_sprint07_audit.py::test_http_identifiers_never_select_a_different_record[True-role_permission]:POST:400,regression/junit.xml|retest/junit.xml|regression/http-route-coverage.json|auditoria-modulos.md|auditoria-ui.md,Static service linkage is not route-level HTTP coverage; see audit and browser evidence. Vinculo estatico de servico; nao comprova cobertura HTTP desta rota
AUTH-02 Roles,GET,/api/roles/,role.listar,RoleService.listar,,tests/test_sprint02_adversarial.py::test_every_api_method_enforces_auth_scope_and_csrf[anonymous]:GET:401|tests/test_sprint02_adversarial.py::test_every_api_method_enforces_auth_scope_and_csrf[wrong_scope]:GET:403|tests/test_sprint02_adversarial.py::test_foreign_resource_ids_cannot_read_modify_or_delete:GET:200|tests/test_sprint02_security.py::test_every_api_requires_auth_except_health_and_disabled_webhook:GET:401,regression/junit.xml|retest/junit.xml|regression/http-route-coverage.json|auditoria-modulos.md|auditoria-ui.md,Static service linkage is not route-level HTTP coverage; see audit and browser evidence. Vinculo estatico de servico; nao comprova cobertura HTTP desta rota
AUTH-02 Roles,PUT,/api/roles/<int:role_id>,role.atualizar,RoleService.atualizar,tests.test_sprint03_transactions::test_role_replacement_failure_preserves_permissions_and_name,tests/test_sprint02_adversarial.py::test_every_api_method_enforces_auth_scope_and_csrf[anonymous]:PUT:401|tests/test_sprint02_adversarial.py::test_every_api_method_enforces_auth_scope_and_csrf[missing_csrf]:PUT:401|tests/test_sprint02_adversarial.py::test_every_api_method_enforces_auth_scope_and_csrf[wrong_scope]:PUT:403|tests/test_sprint02_adversarial.py::test_foreign_resource_ids_cannot_read_modify_or_delete:PUT:400|tests/test_sprint02_security.py::test_every_api_requires_auth_except_health_and_disabled_webhook:PUT:401,regression/junit.xml|retest/junit.xml|regression/http-route-coverage.json|auditoria-modulos.md|auditoria-ui.md,Static service linkage is not route-level HTTP coverage; see audit and browser evidence. Vinculo estatico de servico; nao comprova cobertura HTTP desta rota
AUTH-02 Roles,DELETE,/api/roles/<int:role_id>,role.deletar,RoleService.deletar,,tests/test_sprint02_adversarial.py::test_every_api_method_enforces_auth_scope_and_csrf[anonymous]:DELETE:401|tests/test_sprint02_adversarial.py::test_every_api_method_enforces_auth_scope_and_csrf[missing_csrf]:DELETE:401|tests/test_sprint02_adversarial.py::test_every_api_method_enforces_auth_scope_and_csrf[wrong_scope]:DELETE:403|tests/test_sprint02_adversarial.py::test_foreign_resource_ids_cannot_read_modify_or_delete:DELETE:400|tests/test_sprint02_security.py::test_every_api_requires_auth_except_health_and_disabled_webhook:DELETE:401,regression/junit.xml|retest/junit.xml|regression/http-route-coverage.json|auditoria-modulos.md|auditoria-ui.md,Static service linkage is not route-level HTTP coverage; see audit and browser evidence. Vinculo estatico de servico; nao comprova cobertura HTTP desta rota
AUTH-02 Roles,GET,/api/roles/permissions-disponiveis,role.listar_permissions_disponiveis,PermissionService.listar_agrupadas,,tests/test_sprint02_adversarial.py::test_every_api_method_enforces_auth_scope_and_csrf[anonymous]:GET:401|tests/test_sprint02_adversarial.py::test_every_api_method_enforces_auth_scope_and_csrf[wrong_scope]:GET:403|tests/test_sprint02_security.py::test_every_api_requires_auth_except_health_and_disabled_webhook:GET:401,regression/junit.xml|retest/junit.xml|regression/http-route-coverage.json|auditoria-modulos.md|auditoria-ui.md,Static service linkage is not route-level HTTP coverage; see audit and browser evidence. Vinculo estatico de servico; nao comprova cobertura HTTP desta rota
AUTH-02 Roles,GET,/api/roles/view,role.pagina,template/decorator/helper/consulta direta,,tests/test_sprint02_adversarial.py::test_every_api_method_enforces_auth_scope_and_csrf[anonymous]:GET:401|tests/test_sprint02_adversarial.py::test_every_api_method_enforces_auth_scope_and_csrf[wrong_scope]:GET:302|tests/test_sprint02_security.py::test_every_api_requires_auth_except_health_and_disabled_webhook:GET:401,regression/junit.xml|retest/junit.xml|regression/http-route-coverage.json|auditoria-modulos.md|auditoria-ui.md,Static service linkage is not route-level HTTP coverage; see audit and browser evidence. Vinculo estatico de servico; nao comprova cobertura HTTP desta rota
UI-01 Navegacao operacional,GET,/browserconfig.xml,main.browserconfig,template/decorator/helper/consulta direta,,,regression/junit.xml|retest/junit.xml|regression/http-route-coverage.json|auditoria-modulos.md|auditoria-ui.md,Static service linkage is not route-level HTTP coverage; see audit and browser evidence. Vinculo estatico de servico; nao comprova cobertura HTTP desta rota
UI-01 Navegacao operacional,GET,/configuracoes/home,main.settings_home,AcessoEmpresaService.possui_acesso_configuracoes,,tests/test_permissions_security.py::PermissionsSecurityTestCase::test_login_nao_renderiza_configuracoes_e_bloqueia_url_direta:GET:302,regression/junit.xml|retest/junit.xml|regression/http-route-coverage.json|auditoria-modulos.md|auditoria-ui.md,Static service linkage is not route-level HTTP coverage; see audit and browser evidence. Vinculo estatico de servico; nao comprova cobertura HTTP desta rota
UI-01 Navegacao operacional,GET,/estoque/home,main.estoque_home,template/decorator/helper/consulta direta,,,regression/junit.xml|retest/junit.xml|regression/http-route-coverage.json|auditoria-modulos.md|auditoria-ui.md,Static service linkage is not route-level HTTP coverage; see audit and browser evidence. Vinculo estatico de servico; nao comprova cobertura HTTP desta rota
UI-01 Navegacao operacional,GET,/favicon.ico,main.favicon,template/decorator/helper/consulta direta,,,regression/junit.xml|retest/junit.xml|regression/http-route-coverage.json|auditoria-modulos.md|auditoria-ui.md,Static service linkage is not route-level HTTP coverage; see audit and browser evidence. Vinculo estatico de servico; nao comprova cobertura HTTP desta rota
UI-01 Navegacao operacional,GET,/financeiro/home,main.financeiro_home,template/decorator/helper/consulta direta,,tests/test_permissions_security.py::PermissionsSecurityTestCase::test_login_nao_renderiza_financeiro_e_bloqueia_url_direta:GET:302,regression/junit.xml|retest/junit.xml|regression/http-route-coverage.json|auditoria-modulos.md|auditoria-ui.md,Static service linkage is not route-level HTTP coverage; see audit and browser evidence. Vinculo estatico de servico; nao comprova cobertura HTTP desta rota
OPS-06 Saude do processo,GET,/health,process_health,template/decorator/helper/consulta direta,,tests/test_release_candidate.py::test_health_reports_packaged_release_version:GET:200|tests/test_sprint06_data_adversarial.py::test_storage_failure_http_readiness_and_mutation:GET:200|tests/test_sprint06_data_adversarial.py::test_storage_restore_marker_blocks_http_and_removal_recovers[dangling_symlink]:GET:200|tests/test_sprint06_data_adversarial.py::test_storage_restore_marker_blocks_http_and_removal_recovers[directory]:GET:200|tests/test_sprint06_data_adversarial.py::test_storage_restore_marker_blocks_http_and_removal_recovers[file]:GET:200|tests/test_sprint06_data_adversarial.py::test_storage_restore_marker_blocks_http_and_removal_recovers[symlink]:GET:200|tests/test_sprint06_operations.py::test_proxy_trusts_only_transport_peer[10.33.0.2-True]:GET:200|tests/test_sprint06_operations.py::test_proxy_trusts_only_transport_peer[10.34.0.2-False]:GET:403|tests/test_sprint06_operations.py::test_readiness_refuses_stale_schema:GET:200|tests/test_sprint06_operations.py::test_request_id_redaction_and_metrics:GET:200|tests/test_sprint06_operations.py::test_storage_readiness_and_write_failure_closed:GET:200,regression/junit.xml|retest/junit.xml|regression/http-route-coverage.json|auditoria-modulos.md|auditoria-ui.md,Static service linkage is not route-level HTTP coverage; see audit and browser evidence. Vinculo estatico de servico; nao comprova cobertura HTTP desta rota
UI-01 Navegacao operacional,GET,/home,main.home,template/decorator/helper/consulta direta,,tests/test_permissions_security.py::PermissionsSecurityTestCase::test_login_nao_renderiza_configuracoes_e_bloqueia_url_direta:GET:200|tests/test_permissions_security.py::PermissionsSecurityTestCase::test_login_nao_renderiza_financeiro_e_bloqueia_url_direta:GET:200|tests/test_sprint02_adversarial.py::test_authenticated_html_is_never_cached[tenant-/home]:GET:200,regression/junit.xml|retest/junit.xml|regression/http-route-coverage.json|auditoria-modulos.md|auditoria-ui.md,Static service linkage is not route-level HTTP coverage; see audit and browser evidence. Vinculo estatico de servico; nao comprova cobertura HTTP desta rota
AUTH-01 Autenticacao,GET|POST,/login,auth.login,AuthService.logar,,tests/test_permissions_security.py::PermissionsSecurityTestCase::test_authenticated_write_requires_csrf_token:GET:200|tests/test_permissions_security.py::PermissionsSecurityTestCase::test_authenticated_write_requires_csrf_token:POST:302|tests/test_permissions_security.py::PermissionsSecurityTestCase::test_login_nao_renderiza_configuracoes_e_bloqueia_url_direta:GET:200|tests/test_permissions_security.py::PermissionsSecurityTestCase::test_login_nao_renderiza_configuracoes_e_bloqueia_url_direta:POST:302|tests/test_permissions_security.py::PermissionsSecurityTestCase::test_login_nao_renderiza_financeiro_e_bloqueia_url_direta:GET:200|tests/test_permissions_security.py::PermissionsSecurityTestCase::test_login_nao_renderiza_financeiro_e_bloqueia_url_direta:POST:302|tests/test_permissions_security.py::PermissionsSecurityTestCase::test_login_registra_auditoria_e_headers_de_seguranca:GET:200|tests/test_permissions_security.py::PermissionsSecurityTestCase::test_login_registra_auditoria_e_headers_de_seguranca:POST:302|tests/test_permissions_security.py::PermissionsSecurityTestCase::test_rate_limit_bloqueia_excesso_de_tentativas_de_login:GET:200|tests/test_permissions_security.py::PermissionsSecurityTestCase::test_rate_limit_bloqueia_excesso_de_tentativas_de_login:POST:401|tests/test_permissions_security.py::PermissionsSecurityTestCase::test_rate_limit_bloqueia_excesso_de_tentativas_de_login:POST:429|tests/test_permissions_security.py::PermissionsSecurityTestCase::test_trial_expirado_bloqueia_modulos_do_tenant:GET:200|tests/test_permissions_security.py::PermissionsSecurityTestCase::test_trial_expirado_bloqueia_modulos_do_tenant:POST:302|tests/test_sprint02_adversarial.py::test_authenticated_html_is_never_cached[platform-/platform/home]:GET:200|tests/test_sprint02_adversarial.py::test_authenticated_html_is_never_cached[platform-/platform/home]:POST:302|tests/test_sprint02_adversarial.py::test_authenticated_html_is_never_cached[tenant-/home]:GET:200|tests/test_sprint02_adversarial.py::test_authenticated_html_is_never_cached[tenant-/home]:POST:302|tests/test_sprint02_adversarial.py::test_case_sensitive_accounts_do_not_share_lockout:GET:200|tests/test_sprint02_adversarial.py::test_case_sensitive_accounts_do_not_share_lockout:POST:302|tests/test_sprint02_adversarial.py::test_case_sensitive_accounts_do_not_share_lockout:POST:401|tests/test_sprint02_adversarial.py::test_company_configuration_idor_read_write_and_test[2]:GET:200|tests/test_sprint02_adversarial.py::test_company_configuration_idor_read_write_and_test[2]:POST:302|tests/test_sprint02_adversarial.py::test_company_configuration_idor_read_write_and_test[3]:GET:200|tests/test_sprint02_adversarial.py::test_company_configuration_idor_read_write_and_test[3]:POST:302|tests/test_sprint02_adversarial.py::test_database_failures_deny_auth_and_leave_session_recoverable[limiter]:GET:200|tests/test_sprint02_adversarial.py::test_database_failures_deny_auth_and_leave_session_recoverable[limiter]:POST:302|tests/test_sprint02_adversarial.py::test_database_failures_deny_auth_and_leave_session_recoverable[limiter]:POST:500|tests/test_sprint02_adversarial.py::test_database_failures_deny_auth_and_leave_session_recoverable[logout]:GET:200|tests/test_sprint02_adversarial.py::test_database_failures_deny_auth_and_leave_session_recoverable[logout]:POST:302|tests/test_sprint02_adversarial.py::test_database_failures_deny_auth_and_leave_session_recoverable[session]:GET:200|tests/test_sprint02_adversarial.py::test_database_failures_deny_auth_and_leave_session_recoverable[session]:POST:302|tests/test_sprint02_adversarial.py::test_every_api_method_enforces_auth_scope_and_csrf[missing_csrf]:GET:200|tests/test_sprint02_adversarial.py::test_every_api_method_enforces_auth_scope_and_csrf[missing_csrf]:POST:302|tests/test_sprint02_adversarial.py::test_every_api_method_enforces_auth_scope_and_csrf[wrong_scope]:GET:200|tests/test_sprint02_adversarial.py::test_every_api_method_enforces_auth_scope_and_csrf[wrong_scope]:POST:302|tests/test_sprint02_adversarial.py::test_foreign_resource_ids_cannot_read_modify_or_delete:GET:200|tests/test_sprint02_adversarial.py::test_foreign_resource_ids_cannot_read_modify_or_delete:POST:302|tests/test_sprint02_adversarial.py::test_homonymous_tenant_lockouts_are_independent:GET:200|tests/test_sprint02_adversarial.py::test_homonymous_tenant_lockouts_are_independent:POST:302|tests/test_sprint02_adversarial.py::test_homonymous_tenant_lockouts_are_independent:POST:401|tests/test_sprint02_adversarial.py::test_homonymous_tenant_lockouts_are_independent:POST:429|tests/test_sprint02_adversarial.py::test_modified_unsigned_claims_cannot_authenticate[auth_scope-platform]:GET:200|tests/test_sprint02_adversarial.py::test_modified_unsigned_claims_cannot_authenticate[auth_scope-platform]:POST:302|tests/test_sprint02_adversarial.py::test_modified_unsigned_claims_cannot_authenticate[session_version-100]:GET:200|tests/test_sprint02_adversarial.py::test_modified_unsigned_claims_cannot_authenticate[session_version-100]:POST:302|tests/test_sprint02_adversarial.py::test_modified_unsigned_claims_cannot_authenticate[sub-2]:GET:200|tests/test_sprint02_adversarial.py::test_modified_unsigned_claims_cannot_authenticate[sub-2]:POST:302|tests/test_sprint02_adversarial.py::test_modified_unsigned_claims_cannot_authenticate[tenant_id-2]:GET:200|tests/test_sprint02_adversarial.py::test_modified_unsigned_claims_cannot_authenticate[tenant_id-2]:POST:302|tests/test_sprint02_adversarial.py::test_permission_and_company_revocation_apply_to_existing_cookie:GET:200|tests/test_sprint02_adversarial.py::test_permission_and_company_revocation_apply_to_existing_cookie:POST:302|tests/test_sprint02_adversarial.py::test_platform_account_limit_ignores_supplied_tenant:GET:200|tests/test_sprint02_adversarial.py::test_platform_account_limit_ignores_supplied_tenant:POST:401|tests/test_sprint02_adversarial.py::test_platform_account_limit_ignores_supplied_tenant:POST:429|tests/test_sprint02_adversarial.py::test_platform_limit_survives_concurrent_ips_and_tenant_variations:GET:200|tests/test_sprint02_adversarial.py::test_platform_limit_survives_concurrent_ips_and_tenant_variations:POST:401|tests/test_sprint02_adversarial.py::test_platform_limit_survives_concurrent_ips_and_tenant_variations:POST:429|tests/test_sprint02_adversarial.py::test_unicode_csrf_is_invalid_input_not_server_error[/login]:GET:200|tests/test_sprint02_adversarial.py::test_unicode_csrf_is_invalid_input_not_server_error[/login]:POST:400|tests/test_sprint02_security.py::test_admin_without_all_companies_cannot_change_shared_accounts:GET:200|tests/test_sprint02_security.py::test_admin_without_all_companies_cannot_change_shared_accounts:POST:302|tests/test_sprint02_security.py::test_csrf_login_logout_and_replay_revocation:GET:200|tests/test_sprint02_security.py::test_csrf_login_logout_and_replay_revocation:POST:302|tests/test_sprint02_security.py::test_csrf_login_logout_and_replay_revocation:POST:400|tests/test_sprint02_security.py::test_deactivation_revokes_existing_cookie[platform]:GET:200|tests/test_sprint02_security.py::test_deactivation_revokes_existing_cookie[platform]:POST:302|tests/test_sprint02_security.py::test_deactivation_revokes_existing_cookie[tenant]:GET:200|tests/test_sprint02_security.py::test_deactivation_revokes_existing_cookie[tenant]:POST:302|tests/test_sprint02_security.py::test_forwarded_header_does_not_evade_limit_and_retry_is_present:GET:200|tests/test_sprint02_security.py::test_forwarded_header_does_not_evade_limit_and_retry_is_present:POST:401|tests/test_sprint02_security.py::test_forwarded_header_does_not_evade_limit_and_retry_is_present:POST:429|tests/test_sprint02_security.py::test_http_cross_tenant_crud_reset_and_platform_boundary:GET:200|tests/test_sprint02_security.py::test_http_cross_tenant_crud_reset_and_platform_boundary:POST:302|tests/test_sprint02_security.py::test_http_errors_hide_database_and_exception_details:GET:200|tests/test_sprint02_security.py::test_http_errors_hide_database_and_exception_details:POST:302|tests/test_sprint02_security.py::test_http_password_reset_revokes_cookie_and_rejects_reuse:GET:200|tests/test_sprint02_security.py::test_http_password_reset_revokes_cookie_and_rejects_reuse:POST:302|tests/test_sprint02_security.py::test_jwt_key_version_rotation_rejects_previous_tokens:GET:200|tests/test_sprint02_security.py::test_jwt_key_version_rotation_rejects_previous_tokens:POST:302|tests/test_sprint02_security.py::test_login_requires_tenant_and_never_falls_back_to_platform:GET:200|tests/test_sprint02_security.py::test_login_requires_tenant_and_never_falls_back_to_platform:POST:302|tests/test_sprint02_security.py::test_login_requires_tenant_and_never_falls_back_to_platform:POST:401|tests/test_sprint02_security.py::test_nonadmin_cannot_grant_roles_or_import_staff_even_with_permission:GET:200|tests/test_sprint02_security.py::test_nonadmin_cannot_grant_roles_or_import_staff_even_with_permission:POST:302|tests/test_sprint02_security.py::test_password_change_revokes_every_session_and_rejects_wrong_password:GET:200|tests/test_sprint02_security.py::test_password_change_revokes_every_session_and_rejects_wrong_password:POST:302|tests/test_sprint03_adversarial.py::test_cashback_without_customer_cannot_reduce_payment:GET:200|tests/test_sprint03_adversarial.py::test_cashback_without_customer_cannot_reduce_payment:POST:302|tests/test_sprint03_adversarial.py::test_money_boundary_is_client_error_and_atomic[-Infinity]:GET:200|tests/test_sprint03_adversarial.py::test_money_boundary_is_client_error_and_atomic[-Infinity]:POST:302|tests/test_sprint03_adversarial.py::test_money_boundary_is_client_error_and_atomic[1e1000]:GET:200|tests/test_sprint03_adversarial.py::test_money_boundary_is_client_error_and_atomic[1e1000]:POST:302|tests/test_sprint03_adversarial.py::test_money_boundary_is_client_error_and_atomic[9999999999.999]:GET:200|tests/test_sprint03_adversarial.py::test_money_boundary_is_client_error_and_atomic[9999999999.999]:POST:302|tests/test_sprint03_adversarial.py::test_money_boundary_is_client_error_and_atomic[Infinity]:GET:200|tests/test_sprint03_adversarial.py::test_money_boundary_is_client_error_and_atomic[Infinity]:POST:302|tests/test_sprint03_adversarial.py::test_money_boundary_is_client_error_and_atomic[NaN]:GET:200|tests/test_sprint03_adversarial.py::test_money_boundary_is_client_error_and_atomic[NaN]:POST:302|tests/test_sprint03_adversarial.py::test_money_boundary_is_client_error_and_atomic[sNaN]:GET:200|tests/test_sprint03_adversarial.py::test_money_boundary_is_client_error_and_atomic[sNaN]:POST:302|tests/test_sprint03_transactions.py::test_http_preview_and_multicompany_employee:GET:200|tests/test_sprint03_transactions.py::test_http_preview_and_multicompany_employee:POST:302|tests/test_sprint03_transactions.py::test_http_sale_requires_key_and_replays_same_business_response:GET:200|tests/test_sprint03_transactions.py::test_http_sale_requires_key_and_replays_same_business_response:POST:302|tests/test_sprint04_adversarial.py::test_alert_retry_enforces_live_company_and_permission[gerenciar_alerta_estoque]:GET:200|tests/test_sprint04_adversarial.py::test_alert_retry_enforces_live_company_and_permission[gerenciar_alerta_estoque]:POST:302|tests/test_sprint04_adversarial.py::test_alert_retry_enforces_live_company_and_permission[visualizar_todas_empresas]:GET:200|tests/test_sprint04_adversarial.py::test_alert_retry_enforces_live_company_and_permission[visualizar_todas_empresas]:POST:302|tests/test_sprint04_adversarial.py::test_coupon_mutations_require_csrf_and_permission[create]:GET:200|tests/test_sprint04_adversarial.py::test_coupon_mutations_require_csrf_and_permission[create]:POST:302|tests/test_sprint04_adversarial.py::test_coupon_mutations_require_csrf_and_permission[delete]:GET:200|tests/test_sprint04_adversarial.py::test_coupon_mutations_require_csrf_and_permission[delete]:POST:302|tests/test_sprint04_adversarial.py::test_coupon_mutations_require_csrf_and_permission[edit]:GET:200|tests/test_sprint04_adversarial.py::test_coupon_mutations_require_csrf_and_permission[edit]:POST:302|tests/test_sprint04_operations.py::test_alert_history_http_scope_csrf_and_whatsapp_disabled:GET:200|tests/test_sprint04_operations.py::test_alert_history_http_scope_csrf_and_whatsapp_disabled:POST:302|tests/test_sprint04_operations.py::test_global_coupon_usage_cannot_be_hidden_by_company_scope:GET:200|tests/test_sprint04_operations.py::test_global_coupon_usage_cannot_be_hidden_by_company_scope:POST:302|tests/test_sprint04_operations.py::test_manual_discount_permissions_and_limits[None-0.01-False]:GET:200|tests/test_sprint04_operations.py::test_manual_discount_permissions_and_limits[None-0.01-False]:POST:302|tests/test_sprint04_operations.py::test_manual_discount_permissions_and_limits[aplicar_desconto-1.00-True]:GET:200|tests/test_sprint04_operations.py::test_manual_discount_permissions_and_limits[aplicar_desconto-1.00-True]:POST:302|tests/test_sprint04_operations.py::test_manual_discount_permissions_and_limits[aplicar_desconto-1.01-False]:GET:200|tests/test_sprint04_operations.py::test_manual_discount_permissions_and_limits[aplicar_desconto-1.01-False]:POST:302|tests/test_sprint04_operations.py::test_manual_discount_permissions_and_limits[autorizar_desconto-9.99-True]:GET:200|tests/test_sprint04_operations.py::test_manual_discount_permissions_and_limits[autorizar_desconto-9.99-True]:POST:302|tests/test_sprint04_operations.py::test_receipt_reprints_have_no_business_side_effects:GET:200|tests/test_sprint04_operations.py::test_receipt_reprints_have_no_business_side_effects:POST:302|tests/test_sprint05_adversarial.py::test_advance_api_rejects_extremes_without_effects[empresa_id-1.5]:GET:200|tests/test_sprint05_adversarial.py::test_advance_api_rejects_extremes_without_effects[empresa_id-1.5]:POST:302|tests/test_sprint05_adversarial.py::test_advance_api_rejects_extremes_without_effects[empresa_id-True]:GET:200|tests/test_sprint05_adversarial.py::test_advance_api_rejects_extremes_without_effects[empresa_id-True]:POST:302|tests/test_sprint05_adversarial.py::test_advance_api_rejects_extremes_without_effects[funcionario_id-1.0]:GET:200|tests/test_sprint05_adversarial.py::test_advance_api_rejects_extremes_without_effects[funcionario_id-1.0]:POST:302|tests/test_sprint05_adversarial.py::test_advance_api_rejects_extremes_without_effects[funcionario_id-False]:GET:200|tests/test_sprint05_adversarial.py::test_advance_api_rejects_extremes_without_effects[funcionario_id-False]:POST:302|tests/test_sprint05_adversarial.py::test_advance_api_rejects_extremes_without_effects[valor_total--Infinity]:GET:200|tests/test_sprint05_adversarial.py::test_advance_api_rejects_extremes_without_effects[valor_total--Infinity]:POST:302|tests/test_sprint05_adversarial.py::test_advance_api_rejects_extremes_without_effects[valor_total-1e10000]:GET:200|tests/test_sprint05_adversarial.py::test_advance_api_rejects_extremes_without_effects[valor_total-1e10000]:POST:302|tests/test_sprint05_adversarial.py::test_advance_api_rejects_extremes_without_effects[valor_total-9999999999.999]:GET:200|tests/test_sprint05_adversarial.py::test_advance_api_rejects_extremes_without_effects[valor_total-9999999999.999]:POST:302|tests/test_sprint05_adversarial.py::test_advance_api_rejects_extremes_without_effects[valor_total-Infinity]:GET:200|tests/test_sprint05_adversarial.py::test_advance_api_rejects_extremes_without_effects[valor_total-Infinity]:POST:302|tests/test_sprint05_adversarial.py::test_advance_api_rejects_extremes_without_effects[valor_total-NaN]:GET:200|tests/test_sprint05_adversarial.py::test_advance_api_rejects_extremes_without_effects[valor_total-NaN]:POST:302|tests/test_sprint05_adversarial.py::test_message_history_respects_company_scope_http:GET:200|tests/test_sprint05_adversarial.py::test_message_history_respects_company_scope_http:POST:302|tests/test_sprint05_cycles.py::test_http_tenant_privacy_and_finance_isolation:GET:200|tests/test_sprint05_cycles.py::test_http_tenant_privacy_and_finance_isolation:POST:302|tests/test_sprint05_cycles.py::test_new_mutations_require_csrf[/api/adiantamentos/1/transicao]:GET:200|tests/test_sprint05_cycles.py::test_new_mutations_require_csrf[/api/adiantamentos/1/transicao]:POST:302|tests/test_sprint05_cycles.py::test_new_mutations_require_csrf[/api/adiantamentos/solicitar]:GET:200|tests/test_sprint05_cycles.py::test_new_mutations_require_csrf[/api/adiantamentos/solicitar]:POST:302|tests/test_sprint05_cycles.py::test_new_mutations_require_csrf[/api/clientes/1/anonimizar]:GET:200|tests/test_sprint05_cycles.py::test_new_mutations_require_csrf[/api/clientes/1/anonimizar]:POST:302|tests/test_sprint05_cycles.py::test_new_mutations_require_csrf[/api/clientes/1/consentimento]:GET:200|tests/test_sprint05_cycles.py::test_new_mutations_require_csrf[/api/clientes/1/consentimento]:POST:302|tests/test_sprint05_cycles.py::test_new_mutations_require_csrf[/api/clientes/cashback/expirar]:GET:200|tests/test_sprint05_cycles.py::test_new_mutations_require_csrf[/api/clientes/cashback/expirar]:POST:302|tests/test_sprint05_cycles.py::test_new_mutations_require_csrf[/api/clientes/mensagens/processar]:GET:200|tests/test_sprint05_cycles.py::test_new_mutations_require_csrf[/api/clientes/mensagens/processar]:POST:302|tests/test_sprint05_cycles.py::test_new_mutations_require_csrf[/api/financeiro/fechamentos/1/ajustar]:GET:200|tests/test_sprint05_cycles.py::test_new_mutations_require_csrf[/api/financeiro/fechamentos/1/ajustar]:POST:302|tests/test_sprint05_cycles.py::test_new_mutations_require_csrf[/api/financeiro/lancamentos/1/estornar]:GET:200|tests/test_sprint05_cycles.py::test_new_mutations_require_csrf[/api/financeiro/lancamentos/1/estornar]:POST:302|tests/test_sprint05_cycles.py::test_new_permissions_revalidated_in_existing_session[autorizar_adiantamento-/api/adiantamentos/1/transicao-post]:GET:200|tests/test_sprint05_cycles.py::test_new_permissions_revalidated_in_existing_session[autorizar_adiantamento-/api/adiantamentos/1/transicao-post]:POST:302|tests/test_sprint05_cycles.py::test_new_permissions_revalidated_in_existing_session[enviar_mensagem_cliente-/api/clientes/mensagens/processar-post]:GET:200|tests/test_sprint05_cycles.py::test_new_permissions_revalidated_in_existing_session[enviar_mensagem_cliente-/api/clientes/mensagens/processar-post]:POST:302|tests/test_sprint05_cycles.py::test_new_permissions_revalidated_in_existing_session[estornar_financeiro-/api/financeiro/lancamentos/1/estornar-post]:GET:200|tests/test_sprint05_cycles.py::test_new_permissions_revalidated_in_existing_session[estornar_financeiro-/api/financeiro/lancamentos/1/estornar-post]:POST:302|tests/test_sprint05_cycles.py::test_new_permissions_revalidated_in_existing_session[gerenciar_privacidade_cliente-/api/clientes/1/exportar-get]:GET:200|tests/test_sprint05_cycles.py::test_new_permissions_revalidated_in_existing_session[gerenciar_privacidade_cliente-/api/clientes/1/exportar-get]:POST:302|tests/test_sprint05_cycles.py::test_new_permissions_revalidated_in_existing_session[reabrir_caixa-/api/financeiro/fechamentos/1/ajustar-post]:GET:200|tests/test_sprint05_cycles.py::test_new_permissions_revalidated_in_existing_session[reabrir_caixa-/api/financeiro/fechamentos/1/ajustar-post]:POST:302|tests/test_sprint06_data_adversarial.py::test_audit_cookie_claim_tampering:GET:200|tests/test_sprint06_data_adversarial.py::test_audit_cookie_claim_tampering:POST:302|tests/test_sprint06_data_adversarial.py::test_audit_first_page_includes_maximum_integer_id:GET:200|tests/test_sprint06_data_adversarial.py::test_audit_first_page_includes_maximum_integer_id:POST:302|tests/test_sprint06_data_adversarial.py::test_audit_http_tampering_is_read_only[DELETE]:GET:200|tests/test_sprint06_data_adversarial.py::test_audit_http_tampering_is_read_only[DELETE]:POST:302|tests/test_sprint06_data_adversarial.py::test_audit_http_tampering_is_read_only[PATCH]:GET:200|tests/test_sprint06_data_adversarial.py::test_audit_http_tampering_is_read_only[PATCH]:POST:302|tests/test_sprint06_data_adversarial.py::test_audit_http_tampering_is_read_only[POST]:GET:200|tests/test_sprint06_data_adversarial.py::test_audit_http_tampering_is_read_only[POST]:POST:302|tests/test_sprint06_data_adversarial.py::test_audit_http_tampering_is_read_only[PUT]:GET:200|tests/test_sprint06_data_adversarial.py::test_audit_http_tampering_is_read_only[PUT]:POST:302|tests/test_sprint06_data_adversarial.py::test_audit_inactive_company_denied:GET:200|tests/test_sprint06_data_adversarial.py::test_audit_inactive_company_denied:POST:302|tests/test_sprint06_data_adversarial.py::test_audit_live_company_revocation_and_empty_scope:GET:200|tests/test_sprint06_data_adversarial.py::test_audit_live_company_revocation_and_empty_scope:POST:302|tests/test_sprint06_data_adversarial.py::test_audit_pagination_survives_insert_and_reaches_end:GET:200|tests/test_sprint06_data_adversarial.py::test_audit_pagination_survives_insert_and_reaches_end:POST:302|tests/test_sprint06_data_adversarial.py::test_audit_rejects_ambiguous_or_out_of_range_parameters[before=0]:GET:200|tests/test_sprint06_data_adversarial.py::test_audit_rejects_ambiguous_or_out_of_range_parameters[before=0]:POST:302|tests/test_sprint06_data_adversarial.py::test_audit_rejects_ambiguous_or_out_of_range_parameters[before=1%20OR%201=1]:GET:200|tests/test_sprint06_data_adversarial.py::test_audit_rejects_ambiguous_or_out_of_range_parameters[before=1%20OR%201=1]:POST:302|tests/test_sprint06_data_adversarial.py::test_audit_rejects_ambiguous_or_out_of_range_parameters[before=20&before=1]:GET:200|tests/test_sprint06_data_adversarial.py::test_audit_rejects_ambiguous_or_out_of_range_parameters[before=20&before=1]:POST:302|tests/test_sprint06_data_adversarial.py::test_audit_rejects_ambiguous_or_out_of_range_parameters[before=2147483648]:GET:200|tests/test_sprint06_data_adversarial.py::test_audit_rejects_ambiguous_or_out_of_range_parameters[before=2147483648]:POST:302|tests/test_sprint06_data_adversarial.py::test_audit_rejects_ambiguous_or_out_of_range_parameters[before=]:GET:200|tests/test_sprint06_data_adversarial.py::test_audit_rejects_ambiguous_or_out_of_range_parameters[before=]:POST:302|tests/test_sprint06_data_adversarial.py::test_audit_rejects_ambiguous_or_out_of_range_parameters[empresa_id=%00]:GET:200|tests/test_sprint06_data_adversarial.py::test_audit_rejects_ambiguous_or_out_of_range_parameters[empresa_id=%00]:POST:302|tests/test_sprint06_data_adversarial.py::test_audit_rejects_ambiguous_or_out_of_range_parameters[empresa_id=-1]:GET:200|tests/test_sprint06_data_adversarial.py::test_audit_rejects_ambiguous_or_out_of_range_parameters[empresa_id=-1]:POST:302|tests/test_sprint06_data_adversarial.py::test_audit_rejects_ambiguous_or_out_of_range_parameters[empresa_id=0]:GET:200|tests/test_sprint06_data_adversarial.py::test_audit_rejects_ambiguous_or_out_of_range_parameters[empresa_id=0]:POST:302|tests/test_sprint06_data_adversarial.py::test_audit_rejects_ambiguous_or_out_of_range_parameters[empresa_id=1&empresa_id=3]:GET:200|tests/test_sprint06_data_adversarial.py::test_audit_rejects_ambiguous_or_out_of_range_parameters[empresa_id=1&empresa_id=3]:POST:302|tests/test_sprint06_data_adversarial.py::test_audit_rejects_ambiguous_or_out_of_range_parameters[empresa_id=2147483648]:GET:200|tests/test_sprint06_data_adversarial.py::test_audit_rejects_ambiguous_or_out_of_range_parameters[empresa_id=2147483648]:POST:302|tests/test_sprint06_data_adversarial.py::test_audit_rejects_ambiguous_or_out_of_range_parameters[empresa_id=99999999999999999999999999999999999999999999999999]:GET:200|tests/test_sprint06_data_adversarial.py::test_audit_rejects_ambiguous_or_out_of_range_parameters[empresa_id=99999999999999999999999999999999999999999999999999]:POST:302|tests/test_sprint06_data_adversarial.py::test_audit_rejects_ambiguous_or_out_of_range_parameters[empresa_id=]:GET:200|tests/test_sprint06_data_adversarial.py::test_audit_rejects_ambiguous_or_out_of_range_parameters[empresa_id=]:POST:302|tests/test_sprint06_data_adversarial.py::test_audit_rejects_ambiguous_or_out_of_range_parameters[limit-5000-digits]:GET:200|tests/test_sprint06_data_adversarial.py::test_audit_rejects_ambiguous_or_out_of_range_parameters[limit-5000-digits]:POST:302|tests/test_sprint06_data_adversarial.py::test_audit_rejects_ambiguous_or_out_of_range_parameters[limit=%201]:GET:200|tests/test_sprint06_data_adversarial.py::test_audit_rejects_ambiguous_or_out_of_range_parameters[limit=%201]:POST:302|tests/test_sprint06_data_adversarial.py::test_audit_rejects_ambiguous_or_out_of_range_parameters[limit=%2B1]:GET:200|tests/test_sprint06_data_adversarial.py::test_audit_rejects_ambiguous_or_out_of_range_parameters[limit=%2B1]:POST:302|tests/test_sprint06_data_adversarial.py::test_audit_rejects_ambiguous_or_out_of_range_parameters[limit=%EF%BC%91]:GET:200|tests/test_sprint06_data_adversarial.py::test_audit_rejects_ambiguous_or_out_of_range_parameters[limit=%EF%BC%91]:POST:302|tests/test_sprint06_data_adversarial.py::test_audit_rejects_ambiguous_or_out_of_range_parameters[limit=-1]:GET:200|tests/test_sprint06_data_adversarial.py::test_audit_rejects_ambiguous_or_out_of_range_parameters[limit=-1]:POST:302|tests/test_sprint06_data_adversarial.py::test_audit_rejects_ambiguous_or_out_of_range_parameters[limit=0]:GET:200|tests/test_sprint06_data_adversarial.py::test_audit_rejects_ambiguous_or_out_of_range_parameters[limit=0]:POST:302|tests/test_sprint06_data_adversarial.py::test_audit_rejects_ambiguous_or_out_of_range_parameters[limit=1&limit=100]:GET:200|tests/test_sprint06_data_adversarial.py::test_audit_rejects_ambiguous_or_out_of_range_parameters[limit=1&limit=100]:POST:302|tests/test_sprint06_data_adversarial.py::test_audit_rejects_ambiguous_or_out_of_range_parameters[limit=1.0]:GET:200|tests/test_sprint06_data_adversarial.py::test_audit_rejects_ambiguous_or_out_of_range_parameters[limit=1.0]:POST:302|tests/test_sprint06_data_adversarial.py::test_audit_rejects_ambiguous_or_out_of_range_parameters[limit=101]:GET:200|tests/test_sprint06_data_adversarial.py::test_audit_rejects_ambiguous_or_out_of_range_parameters[limit=101]:POST:302|tests/test_sprint06_data_adversarial.py::test_audit_rejects_ambiguous_or_out_of_range_parameters[limit=1_0]:GET:200|tests/test_sprint06_data_adversarial.py::test_audit_rejects_ambiguous_or_out_of_range_parameters[limit=1_0]:POST:302|tests/test_sprint06_data_adversarial.py::test_audit_rejects_ambiguous_or_out_of_range_parameters[limit=1e2]:GET:200|tests/test_sprint06_data_adversarial.py::test_audit_rejects_ambiguous_or_out_of_range_parameters[limit=1e2]:POST:302|tests/test_sprint06_data_adversarial.py::test_audit_rejects_ambiguous_or_out_of_range_parameters[limit=]:GET:200|tests/test_sprint06_data_adversarial.py::test_audit_rejects_ambiguous_or_out_of_range_parameters[limit=]:POST:302|tests/test_sprint06_data_adversarial.py::test_audit_requires_permission_and_tenant_scope[/api/auditoria/]:GET:200|tests/test_sprint06_data_adversarial.py::test_audit_requires_permission_and_tenant_scope[/api/auditoria/]:POST:302|tests/test_sprint06_data_adversarial.py::test_audit_requires_permission_and_tenant_scope[/api/auditoria/view]:GET:200|tests/test_sprint06_data_adversarial.py::test_audit_requires_permission_and_tenant_scope[/api/auditoria/view]:POST:302|tests/test_sprint06_data_adversarial.py::test_audit_tenant_cursor_and_header_tampering:GET:200|tests/test_sprint06_data_adversarial.py::test_audit_tenant_cursor_and_header_tampering:POST:302|tests/test_sprint06_data_adversarial.py::test_storage_failure_http_readiness_and_mutation:POST:503|tests/test_sprint06_load_adversarial.py::test_concurrent_audit_reads_bounded_and_tenant_safe:GET:200|tests/test_sprint06_load_adversarial.py::test_concurrent_audit_reads_bounded_and_tenant_safe:POST:302|tests/test_sprint06_load_adversarial.py::test_critical_list_query_count_does_not_grow_per_sale:GET:200|tests/test_sprint06_load_adversarial.py::test_critical_list_query_count_does_not_grow_per_sale:POST:302|tests/test_sprint06_operations.py::test_audit_benchmark_bounded_queries_and_index:GET:200|tests/test_sprint06_operations.py::test_audit_benchmark_bounded_queries_and_index:POST:302|tests/test_sprint06_operations.py::test_audit_permission_scope_pagination_and_private_projection:GET:200|tests/test_sprint06_operations.py::test_audit_permission_scope_pagination_and_private_projection:POST:302|tests/test_sprint06_operations.py::test_company_restricted_audit_excludes_global_and_other_company:GET:200|tests/test_sprint06_operations.py::test_company_restricted_audit_excludes_global_and_other_company:POST:302|tests/test_sprint06_operations.py::test_production_routes_block_even_authenticated[/api/financeiro/boletos/]:GET:200|tests/test_sprint06_operations.py::test_production_routes_block_even_authenticated[/api/financeiro/boletos/]:POST:302|tests/test_sprint06_operations.py::test_production_routes_block_even_authenticated[/api/financeiro/boletos/view]:GET:200|tests/test_sprint06_operations.py::test_production_routes_block_even_authenticated[/api/financeiro/boletos/view]:POST:302|tests/test_sprint06_operations.py::test_production_routes_block_even_authenticated[/api/fiscal/configuracao]:GET:200|tests/test_sprint06_operations.py::test_production_routes_block_even_authenticated[/api/fiscal/configuracao]:POST:302|tests/test_sprint06_operations.py::test_production_routes_block_even_authenticated[/api/fiscal/view]:GET:200|tests/test_sprint06_operations.py::test_production_routes_block_even_authenticated[/api/fiscal/view]:POST:302|tests/test_sprint06_operations.py::test_production_ui_and_payment_lookup_hide_blocked_modules:GET:200|tests/test_sprint06_operations.py::test_production_ui_and_payment_lookup_hide_blocked_modules:POST:302|tests/test_sprint06_operations.py::test_storage_readiness_and_write_failure_closed:POST:503|tests/test_sprint07_audit.py::test_empty_dashboard_http_is_valid_with_and_without_company[1]:GET:200|tests/test_sprint07_audit.py::test_empty_dashboard_http_is_valid_with_and_without_company[1]:POST:302|tests/test_sprint07_audit.py::test_empty_dashboard_http_is_valid_with_and_without_company[None]:GET:200|tests/test_sprint07_audit.py::test_empty_dashboard_http_is_valid_with_and_without_company[None]:POST:302|tests/test_sprint07_audit.py::test_http_identifiers_never_select_a_different_record[1.5-employee_company]:GET:200|tests/test_sprint07_audit.py::test_http_identifiers_never_select_a_different_record[1.5-employee_company]:POST:302|tests/test_sprint07_audit.py::test_http_identifiers_never_select_a_different_record[1.5-employee_role]:GET:200|tests/test_sprint07_audit.py::test_http_identifiers_never_select_a_different_record[1.5-employee_role]:POST:302|tests/test_sprint07_audit.py::test_http_identifiers_never_select_a_different_record[1.5-platform_company]:GET:200|tests/test_sprint07_audit.py::test_http_identifiers_never_select_a_different_record[1.5-platform_company]:POST:302|tests/test_sprint07_audit.py::test_http_identifiers_never_select_a_different_record[1.5-product_category]:GET:200|tests/test_sprint07_audit.py::test_http_identifiers_never_select_a_different_record[1.5-product_category]:POST:302|tests/test_sprint07_audit.py::test_http_identifiers_never_select_a_different_record[1.5-product_company]:GET:200|tests/test_sprint07_audit.py::test_http_identifiers_never_select_a_different_record[1.5-product_company]:POST:302|tests/test_sprint07_audit.py::test_http_identifiers_never_select_a_different_record[1.5-role_permission]:GET:200|tests/test_sprint07_audit.py::test_http_identifiers_never_select_a_different_record[1.5-role_permission]:POST:302|tests/test_sprint07_audit.py::test_http_identifiers_never_select_a_different_record[1.5-stock]:GET:200|tests/test_sprint07_audit.py::test_http_identifiers_never_select_a_different_record[1.5-stock]:POST:302|tests/test_sprint07_audit.py::test_http_identifiers_never_select_a_different_record[True-employee_company]:GET:200|tests/test_sprint07_audit.py::test_http_identifiers_never_select_a_different_record[True-employee_company]:POST:302|tests/test_sprint07_audit.py::test_http_identifiers_never_select_a_different_record[True-employee_role]:GET:200|tests/test_sprint07_audit.py::test_http_identifiers_never_select_a_different_record[True-employee_role]:POST:302|tests/test_sprint07_audit.py::test_http_identifiers_never_select_a_different_record[True-platform_company]:GET:200|tests/test_sprint07_audit.py::test_http_identifiers_never_select_a_different_record[True-platform_company]:POST:302|tests/test_sprint07_audit.py::test_http_identifiers_never_select_a_different_record[True-product_category]:GET:200|tests/test_sprint07_audit.py::test_http_identifiers_never_select_a_different_record[True-product_category]:POST:302|tests/test_sprint07_audit.py::test_http_identifiers_never_select_a_different_record[True-product_company]:GET:200|tests/test_sprint07_audit.py::test_http_identifiers_never_select_a_different_record[True-product_company]:POST:302|tests/test_sprint07_audit.py::test_http_identifiers_never_select_a_different_record[True-role_permission]:GET:200|tests/test_sprint07_audit.py::test_http_identifiers_never_select_a_different_record[True-role_permission]:POST:302|tests/test_sprint07_audit.py::test_http_identifiers_never_select_a_different_record[True-stock]:GET:200|tests/test_sprint07_audit.py::test_http_identifiers_never_select_a_different_record[True-stock]:POST:302|tests/test_sprint07_audit.py::test_string_identifiers_preserve_valid_employee_product_and_stock_flow:GET:200|tests/test_sprint07_audit.py::test_string_identifiers_preserve_valid_employee_product_and_stock_flow:POST:302,regression/junit.xml|retest/junit.xml|regression/http-route-coverage.json|auditoria-modulos.md|auditoria-ui.md,Static service linkage is not route-level HTTP coverage; see audit and browser evidence. Vinculo estatico de servico; nao comprova cobertura HTTP desta rota
AUTH-01 Autenticacao,POST,/logout,auth.logout,template/decorator/helper/consulta direta,,tests/test_sprint02_adversarial.py::test_database_failures_deny_auth_and_leave_session_recoverable[logout]:POST:500|tests/test_sprint02_security.py::test_csrf_login_logout_and_replay_revocation:POST:302|tests/test_sprint02_security.py::test_csrf_login_logout_and_replay_revocation:POST:401,regression/junit.xml|retest/junit.xml|regression/http-route-coverage.json|auditoria-modulos.md|auditoria-ui.md,Static service linkage is not route-level HTTP coverage; see audit and browser evidence. Vinculo estatico de servico; nao comprova cobertura HTTP desta rota
OPS-06 Metricas protegidas,GET,/metrics,metrics,template/decorator/helper/consulta direta,,tests/test_sprint06_operations.py::test_request_id_redaction_and_metrics:GET:200|tests/test_sprint06_operations.py::test_request_id_redaction_and_metrics:GET:404|tests/test_sprint06_security_adversarial.py::test_metrics_first_scrape_includes_zero_counters:GET:200|tests/test_sprint06_security_adversarial.py::test_metrics_invalid_authorization_fails_closed[latin1]:GET:404|tests/test_sprint06_security_adversarial.py::test_metrics_invalid_authorization_fails_closed[oversized]:GET:404|tests/test_sprint06_security_adversarial.py::test_metrics_invalid_authorization_fails_closed[unicode]:GET:404|tests/test_sprint06_security_adversarial.py::test_metrics_unusable_token_fails_closed[empty]:GET:404|tests/test_sprint06_security_adversarial.py::test_metrics_unusable_token_fails_closed[short]:GET:404|tests/test_sprint06_security_adversarial.py::test_metrics_unusable_token_fails_closed[unicode]:GET:404,regression/junit.xml|retest/junit.xml|regression/http-route-coverage.json|auditoria-modulos.md|auditoria-ui.md,Static service linkage is not route-level HTTP coverage; see audit and browser evidence. Vinculo estatico de servico; nao comprova cobertura HTTP desta rota
UI-01 Navegacao operacional,GET,/pdv/home,main.pdv_home,template/decorator/helper/consulta direta,,tests/test_permissions_security.py::PermissionsSecurityTestCase::test_trial_expirado_bloqueia_modulos_do_tenant:GET:302,regression/junit.xml|retest/junit.xml|regression/http-route-coverage.json|auditoria-modulos.md|auditoria-ui.md,Static service linkage is not route-level HTTP coverage; see audit and browser evidence. Vinculo estatico de servico; nao comprova cobertura HTTP desta rota
SAAS-01 Administracao de tenants,GET,/platform/home,platform.home,template/decorator/helper/consulta direta,,tests/test_sprint02_adversarial.py::test_authenticated_html_is_never_cached[platform-/platform/home]:GET:200,regression/junit.xml|retest/junit.xml|regression/http-route-coverage.json|auditoria-modulos.md|auditoria-ui.md,Static service linkage is not route-level HTTP coverage; see audit and browser evidence. Vinculo estatico de servico; nao comprova cobertura HTTP desta rota
OPS-06 Banco e storage,GET,/readiness,critical_readiness,template/decorator/helper/consulta direta,,tests/test_sprint06_data_adversarial.py::test_storage_failure_http_readiness_and_mutation:GET:200|tests/test_sprint06_data_adversarial.py::test_storage_failure_http_readiness_and_mutation:GET:503|tests/test_sprint06_data_adversarial.py::test_storage_restore_marker_blocks_http_and_removal_recovers[dangling_symlink]:GET:200|tests/test_sprint06_data_adversarial.py::test_storage_restore_marker_blocks_http_and_removal_recovers[dangling_symlink]:GET:503|tests/test_sprint06_data_adversarial.py::test_storage_restore_marker_blocks_http_and_removal_recovers[directory]:GET:200|tests/test_sprint06_data_adversarial.py::test_storage_restore_marker_blocks_http_and_removal_recovers[directory]:GET:503|tests/test_sprint06_data_adversarial.py::test_storage_restore_marker_blocks_http_and_removal_recovers[file]:GET:200|tests/test_sprint06_data_adversarial.py::test_storage_restore_marker_blocks_http_and_removal_recovers[file]:GET:503|tests/test_sprint06_data_adversarial.py::test_storage_restore_marker_blocks_http_and_removal_recovers[symlink]:GET:200|tests/test_sprint06_data_adversarial.py::test_storage_restore_marker_blocks_http_and_removal_recovers[symlink]:GET:503|tests/test_sprint06_operations.py::test_readiness_refuses_stale_schema:GET:503|tests/test_sprint06_operations.py::test_storage_readiness_and_write_failure_closed:GET:503,regression/junit.xml|retest/junit.xml|regression/http-route-coverage.json|auditoria-modulos.md|auditoria-ui.md,Static service linkage is not route-level HTTP coverage; see audit and browser evidence. Vinculo estatico de servico; nao comprova cobertura HTTP desta rota
AUTH-01 Autenticacao,GET|POST,/redefinir-senha,auth.redefinir_senha,AuthService.redefinir_senha,tests.test_sprint02_security::test_concurrent_reset_accepts_one_consumer|tests.test_sprint02_security::test_reset_token_is_hashed_tenant_bound_expiring_and_single_use,tests/test_sprint02_adversarial.py::test_unicode_csrf_is_invalid_input_not_server_error[/redefinir-senha]:GET:200|tests/test_sprint02_adversarial.py::test_unicode_csrf_is_invalid_input_not_server_error[/redefinir-senha]:POST:400|tests/test_sprint02_security.py::test_http_password_reset_revokes_cookie_and_rejects_reuse:GET:200|tests/test_sprint02_security.py::test_http_password_reset_revokes_cookie_and_rejects_reuse:POST:200|tests/test_sprint02_security.py::test_http_password_reset_revokes_cookie_and_rejects_reuse:POST:400,regression/junit.xml|retest/junit.xml|regression/http-route-coverage.json|auditoria-modulos.md|auditoria-ui.md,Static service linkage is not route-level HTTP coverage; see audit and browser evidence. Vinculo estatico de servico; nao comprova cobertura HTTP desta rota
AUTH-01 Autenticacao,GET|POST,/senha,auth.alterar_senha,AuthService.alterar_senha,,tests/test_sprint02_security.py::test_deactivation_revokes_existing_cookie[platform]:GET:401|tests/test_sprint02_security.py::test_http_password_reset_revokes_cookie_and_rejects_reuse:GET:401|tests/test_sprint02_security.py::test_jwt_key_version_rotation_rejects_previous_tokens:GET:401|tests/test_sprint02_security.py::test_password_change_revokes_every_session_and_rejects_wrong_password:POST:200|tests/test_sprint02_security.py::test_password_change_revokes_every_session_and_rejects_wrong_password:POST:400,regression/junit.xml|retest/junit.xml|regression/http-route-coverage.json|auditoria-modulos.md|auditoria-ui.md,Static service linkage is not route-level HTTP coverage; see audit and browser evidence. Vinculo estatico de servico; nao comprova cobertura HTTP desta rota
UI-01 Navegacao operacional,GET,/site.webmanifest,main.site_webmanifest,template/decorator/helper/consulta direta,,,regression/junit.xml|retest/junit.xml|regression/http-route-coverage.json|auditoria-modulos.md|auditoria-ui.md,Static service linkage is not route-level HTTP coverage; see audit and browser evidence. Vinculo estatico de servico; nao comprova cobertura HTTP desta rota
